Copyright 1986-2022 Xilinx, Inc. All Rights Reserved.
--------------------------------------------------------------------------------------------------------------------------------------------------------------------------------------------------------------------------------------------------------------------
| Tool Version      : Vivado v.2022.1 (win64) Build 3526262 Mon Apr 18 15:48:16 MDT 2022
| Date              : Mon Jun 23 23:52:32 2025
| Host              : DESKTOP-OUATK8P running 64-bit major release  (build 9200)
| Command           : report_timing_summary -max_paths 10 -report_unconstrained -file radon_kria_acc_wrapper_timing_summary_routed.rpt -pb radon_kria_acc_wrapper_timing_summary_routed.pb -rpx radon_kria_acc_wrapper_timing_summary_routed.rpx -warn_on_violation
| Design            : radon_kria_acc_wrapper
| Device            : xck26-sfvc784
| Speed File        : -2LV  PRODUCTION 1.29 08-03-2020
| Temperature Grade : C
--------------------------------------------------------------------------------------------------------------------------------------------------------------------------------------------------------------------------------------------------------------------

Timing Summary Report

------------------------------------------------------------------------------------------------
| Timer Settings
| --------------
------------------------------------------------------------------------------------------------

  Enable Multi Corner Analysis               :  Yes
  Enable Pessimism Removal                   :  Yes
  Pessimism Removal Resolution               :  Nearest Common Node
  Enable Input Delay Default Clock           :  No
  Enable Preset / Clear Arcs                 :  No
  Disable Flight Delays                      :  No
  Ignore I/O Paths                           :  No
  Timing Early Launch at Borrowing Latches   :  No
  Borrow Time for Max Delay Exceptions       :  Yes
  Merge Timing Exceptions                    :  Yes

  Corner  Analyze    Analyze    
  Name    Max Paths  Min Paths  
  ------  ---------  ---------  
  Slow    Yes        Yes        
  Fast    Yes        Yes        


------------------------------------------------------------------------------------------------
| Report Methodology
| ------------------
------------------------------------------------------------------------------------------------

Rule     Severity  Description                   Violations  
-------  --------  ----------------------------  ----------  
DPIR-2   Warning   Asynchronous driver check     92          
LUTAR-1  Warning   LUT drives async reset alert  3           

Note: This report is based on the most recent report_methodology run and may not be up-to-date. Run report_methodology on the current design for the latest report.



check_timing report

Table of Contents
-----------------
1. checking no_clock (0)
2. checking constant_clock (0)
3. checking pulse_width_clock (0)
4. checking unconstrained_internal_endpoints (0)
5. checking no_input_delay (0)
6. checking no_output_delay (0)
7. checking multiple_clock (0)
8. checking generated_clocks (0)
9. checking loops (0)
10. checking partial_input_delay (0)
11. checking partial_output_delay (0)
12. checking latch_loops (0)

1. checking no_clock (0)
------------------------
 There are 0 register/latch pins with no clock.


2. checking constant_clock (0)
------------------------------
 There are 0 register/latch pins with constant_clock.


3. checking pulse_width_clock (0)
---------------------------------
 There are 0 register/latch pins which need pulse_width check


4. checking unconstrained_internal_endpoints (0)
------------------------------------------------
 There are 0 pins that are not constrained for maximum delay.

 There are 0 pins that are not constrained for maximum delay due to constant clock.


5. checking no_input_delay (0)
------------------------------
 There are 0 input ports with no input delay specified.

 There are 0 input ports with no input delay but user has a false path constraint.


6. checking no_output_delay (0)
-------------------------------
 There are 0 ports with no output delay specified.

 There are 0 ports with no output delay but user has a false path constraint

 There are 0 ports with no output delay but with a timing clock defined on it or propagating through it


7. checking multiple_clock (0)
------------------------------
 There are 0 register/latch pins with multiple clocks.


8. checking generated_clocks (0)
--------------------------------
 There are 0 generated clocks that are not connected to a clock source.


9. checking loops (0)
---------------------
 There are 0 combinational loops in the design.


10. checking partial_input_delay (0)
------------------------------------
 There are 0 input ports with partial input delay specified.


11. checking partial_output_delay (0)
-------------------------------------
 There are 0 ports with partial output delay specified.


12. checking latch_loops (0)
----------------------------
 There are 0 combinational latch loops in the design through latch input



------------------------------------------------------------------------------------------------
| Design Timing Summary
| ---------------------
------------------------------------------------------------------------------------------------

    WNS(ns)      TNS(ns)  TNS Failing Endpoints  TNS Total Endpoints      WHS(ns)      THS(ns)  THS Failing Endpoints  THS Total Endpoints     WPWS(ns)     TPWS(ns)  TPWS Failing Endpoints  TPWS Total Endpoints  
    -------      -------  ---------------------  -------------------      -------      -------  ---------------------  -------------------     --------     --------  ----------------------  --------------------  
      4.666        0.000                      0                 5524        0.029        0.000                      0                 5524        3.500        0.000                       0                  1875  


All user specified timing constraints are met.


------------------------------------------------------------------------------------------------
| Clock Summary
| -------------
------------------------------------------------------------------------------------------------

Clock     Waveform(ns)       Period(ns)      Frequency(MHz)
-----     ------------       ----------      --------------
clk_pl_0  {0.000 5.000}      10.000          100.000         
clk_pl_1  {0.000 5.000}      10.000          100.000         


------------------------------------------------------------------------------------------------
| Intra Clock Table
| -----------------
------------------------------------------------------------------------------------------------

Clock             WNS(ns)      TNS(ns)  TNS Failing Endpoints  TNS Total Endpoints      WHS(ns)      THS(ns)  THS Failing Endpoints  THS Total Endpoints     WPWS(ns)     TPWS(ns)  TPWS Failing Endpoints  TPWS Total Endpoints  
-----             -------      -------  ---------------------  -------------------      -------      -------  ---------------------  -------------------     --------     --------  ----------------------  --------------------  
clk_pl_0            4.666        0.000                      0                 5323        0.029        0.000                      0                 5323        3.500        0.000                       0                  1875  


------------------------------------------------------------------------------------------------
| Inter Clock Table
| -----------------
------------------------------------------------------------------------------------------------

From Clock    To Clock          WNS(ns)      TNS(ns)  TNS Failing Endpoints  TNS Total Endpoints      WHS(ns)      THS(ns)  THS Failing Endpoints  THS Total Endpoints  
----------    --------          -------      -------  ---------------------  -------------------      -------      -------  ---------------------  -------------------  


------------------------------------------------------------------------------------------------
| Other Path Groups Table
| -----------------------
------------------------------------------------------------------------------------------------

Path Group         From Clock         To Clock               WNS(ns)      TNS(ns)  TNS Failing Endpoints  TNS Total Endpoints      WHS(ns)      THS(ns)  THS Failing Endpoints  THS Total Endpoints  
----------         ----------         --------               -------      -------  ---------------------  -------------------      -------      -------  ---------------------  -------------------  
**async_default**  clk_pl_0           clk_pl_0                 7.418        0.000                      0                  201        0.288        0.000                      0                  201  


------------------------------------------------------------------------------------------------
| User Ignored Path Table
| -----------------------
------------------------------------------------------------------------------------------------

Path Group    From Clock    To Clock    
----------    ----------    --------    
(none)                      clk_pl_0      
(none)        clk_pl_0      clk_pl_0      


------------------------------------------------------------------------------------------------
| Unconstrained Path Table
| ------------------------
------------------------------------------------------------------------------------------------

Path Group    From Clock    To Clock    
----------    ----------    --------    


------------------------------------------------------------------------------------------------
| Timing Details
| --------------
------------------------------------------------------------------------------------------------


---------------------------------------------------------------------------------------------------
From Clock:  clk_pl_0
  To Clock:  clk_pl_0

Setup :            0  Failing Endpoints,  Worst Slack        4.666ns,  Total Violation        0.000ns
Hold  :            0  Failing Endpoints,  Worst Slack        0.029ns,  Total Violation        0.000ns
PW    :            0  Failing Endpoints,  Worst Slack        3.500ns,  Total Violation        0.000ns
---------------------------------------------------------------------------------------------------


Max Delay Paths
--------------------------------------------------------------------------------------
Slack (MET) :             4.666ns  (required time - arrival time)
  Source:                 radon_kria_acc_i/radon_kria_ip_0/inst/radon_kria_ip_v1_0_S00_AXI_inst/radon_inst/phantom_inst/mem_reg_bram_0/CLKARDCLK
                            (rising edge-triggered cell RAMB36E2 clocked by clk_pl_0  {rise@0.000ns fall@5.000ns period=10.000ns})
  Destination:            radon_kria_acc_i/radon_kria_ip_0/inst/radon_kria_ip_v1_0_S00_AXI_inst/radon_inst/sampler_inst/acc_sum_reg[15]/D
                            (rising edge-triggered cell FDCE clocked by clk_pl_0  {rise@0.000ns fall@5.000ns period=10.000ns})
  Path Group:             clk_pl_0
  Path Type:              Setup (Max at Slow Process Corner)
  Requirement:            10.000ns  (clk_pl_0 rise@10.000ns - clk_pl_0 rise@0.000ns)
  Data Path Delay:        4.876ns  (logic 3.069ns (62.941%)  route 1.807ns (37.059%))
  Logic Levels:           7  (CARRY8=2 LUT2=2 RAMB36E2=3)
  Clock Path Skew:        -0.342ns (DCD - SCD + CPR)
    Destination Clock Delay (DCD):    2.178ns = ( 12.178 - 10.000 ) 
    Source Clock Delay      (SCD):    2.661ns
    Clock Pessimism Removal (CPR):    0.141ns
  Clock Uncertainty:      0.160ns  ((TSJ^2 + DJ^2)^1/2) / 2 + PE
    Total System Jitter     (TSJ):    0.071ns
    Discrete Jitter          (DJ):    0.312ns
    Phase Error              (PE):    0.000ns
  Clock Net Delay (Source):      2.394ns (routing 1.045ns, distribution 1.349ns)
  Clock Net Delay (Destination): 1.962ns (routing 0.955ns, distribution 1.007ns)

    Location             Delay type                Incr(ns)  Path(ns)    Netlist Resource(s)
  -------------------------------------------------------------------    -------------------
                         (clock clk_pl_0 rise edge)
                                                      0.000     0.000 r  
    PS8_X0Y0             PS8                          0.000     0.000 r  radon_kria_acc_i/zynq_ultra_ps_e_0/inst/PS8_i/PLCLK[0]
                         net (fo=1, routed)           0.229     0.229    radon_kria_acc_i/zynq_ultra_ps_e_0/inst/pl_clk_unbuffered[0]
    BUFG_PS_X0Y80        BUFG_PS (Prop_BUFG_PS_I_O)
                                                      0.038     0.267 r  radon_kria_acc_i/zynq_ultra_ps_e_0/inst/buffer_pl_clk_0.PL_CLK_0_BUFG/O
    X0Y1 (CLOCK_ROOT)    net (fo=1897, routed)        2.394     2.661    radon_kria_acc_i/radon_kria_ip_0/inst/radon_kria_ip_v1_0_S00_AXI_inst/radon_inst/phantom_inst/s00_axi_aclk
    RAMB36_X0Y20         RAMB36E2                                     r  radon_kria_acc_i/radon_kria_ip_0/inst/radon_kria_ip_v1_0_S00_AXI_inst/radon_inst/phantom_inst/mem_reg_bram_0/CLKARDCLK
  -------------------------------------------------------------------    -------------------
    RAMB36_X0Y20         RAMB36E2 (Prop_RAMB36E2_RAMB36_CLKARDCLK_CASDOUTA[0])
                                                      1.684     4.345 r  radon_kria_acc_i/radon_kria_ip_0/inst/radon_kria_ip_v1_0_S00_AXI_inst/radon_inst/phantom_inst/mem_reg_bram_0/CASDOUTA[0]
                         net (fo=1, routed)           0.032     4.377    radon_kria_acc_i/radon_kria_ip_0/inst/radon_kria_ip_v1_0_S00_AXI_inst/radon_inst/phantom_inst/mem_reg_bram_0_n_35
    RAMB36_X0Y21         RAMB36E2 (Prop_RAMB36E2_RAMB36_CASDINA[0]_CASDOUTA[0])
                                                      0.247     4.624 r  radon_kria_acc_i/radon_kria_ip_0/inst/radon_kria_ip_v1_0_S00_AXI_inst/radon_inst/phantom_inst/mem_reg_bram_1/CASDOUTA[0]
                         net (fo=1, routed)           0.032     4.656    radon_kria_acc_i/radon_kria_ip_0/inst/radon_kria_ip_v1_0_S00_AXI_inst/radon_inst/phantom_inst/mem_reg_bram_1_n_35
    RAMB36_X0Y22         RAMB36E2 (Prop_RAMB36E2_RAMB36_CASDINA[0]_CASDOUTA[0])
                                                      0.247     4.903 r  radon_kria_acc_i/radon_kria_ip_0/inst/radon_kria_ip_v1_0_S00_AXI_inst/radon_inst/phantom_inst/mem_reg_bram_2/CASDOUTA[0]
                         net (fo=1, routed)           0.032     4.935    radon_kria_acc_i/radon_kria_ip_0/inst/radon_kria_ip_v1_0_S00_AXI_inst/radon_inst/phantom_inst/mem_reg_bram_2_n_35
    RAMB36_X0Y23         RAMB36E2 (Prop_RAMB36E2_RAMB36_CASDINA[0]_DOUTADOUT[0])
                                                      0.136     5.071 r  radon_kria_acc_i/radon_kria_ip_0/inst/radon_kria_ip_v1_0_S00_AXI_inst/radon_inst/phantom_inst/mem_reg_bram_3/DOUTADOUT[0]
                         net (fo=1, routed)           0.879     5.950    radon_kria_acc_i/radon_kria_ip_0/inst/radon_kria_ip_v1_0_S00_AXI_inst/radon_inst/sampler_inst/DOUTADOUT[0]
    SLICE_X27Y151        LUT2 (Prop_A6LUT_SLICEL_I1_O)
                                                      0.225     6.175 r  radon_kria_acc_i/radon_kria_ip_0/inst/radon_kria_ip_v1_0_S00_AXI_inst/radon_inst/sampler_inst/acc_sum[7]_i_10/O
                         net (fo=1, routed)           0.014     6.189    radon_kria_acc_i/radon_kria_ip_0/inst/radon_kria_ip_v1_0_S00_AXI_inst/radon_inst/sampler_inst/acc_sum[7]_i_10_n_0
    SLICE_X27Y151        CARRY8 (Prop_CARRY8_SLICEL_S[0]_CO[7])
                                                      0.278     6.467 r  radon_kria_acc_i/radon_kria_ip_0/inst/radon_kria_ip_v1_0_S00_AXI_inst/radon_inst/sampler_inst/acc_sum_reg[7]_i_2/CO[7]
                         net (fo=1, routed)           0.030     6.497    radon_kria_acc_i/radon_kria_ip_0/inst/radon_kria_ip_v1_0_S00_AXI_inst/radon_inst/sampler_inst/acc_sum_reg[7]_i_2_n_0
    SLICE_X27Y152        CARRY8 (Prop_CARRY8_SLICEL_CI_O[7])
                                                      0.171     6.668 r  radon_kria_acc_i/radon_kria_ip_0/inst/radon_kria_ip_v1_0_S00_AXI_inst/radon_inst/sampler_inst/acc_sum_reg[15]_i_2/O[7]
                         net (fo=1, routed)           0.721     7.389    radon_kria_acc_i/radon_kria_ip_0/inst/radon_kria_ip_v1_0_S00_AXI_inst/radon_inst/sampler_inst/acc_sum_reg[15]_i_2_n_8
    SLICE_X19Y152        LUT2 (Prop_D6LUT_SLICEL_I1_O)
                                                      0.081     7.470 r  radon_kria_acc_i/radon_kria_ip_0/inst/radon_kria_ip_v1_0_S00_AXI_inst/radon_inst/sampler_inst/acc_sum[15]_i_1/O
                         net (fo=1, routed)           0.067     7.537    radon_kria_acc_i/radon_kria_ip_0/inst/radon_kria_ip_v1_0_S00_AXI_inst/radon_inst/sampler_inst/acc_sum[15]
    SLICE_X19Y152        FDCE                                         r  radon_kria_acc_i/radon_kria_ip_0/inst/radon_kria_ip_v1_0_S00_AXI_inst/radon_inst/sampler_inst/acc_sum_reg[15]/D
  -------------------------------------------------------------------    -------------------

                         (clock clk_pl_0 rise edge)
                                                     10.000    10.000 r  
    PS8_X0Y0             PS8                          0.000    10.000 r  radon_kria_acc_i/zynq_ultra_ps_e_0/inst/PS8_i/PLCLK[0]
                         net (fo=1, routed)           0.181    10.181    radon_kria_acc_i/zynq_ultra_ps_e_0/inst/pl_clk_unbuffered[0]
    BUFG_PS_X0Y80        BUFG_PS (Prop_BUFG_PS_I_O)
                                                      0.035    10.216 r  radon_kria_acc_i/zynq_ultra_ps_e_0/inst/buffer_pl_clk_0.PL_CLK_0_BUFG/O
    X0Y1 (CLOCK_ROOT)    net (fo=1897, routed)        1.962    12.178    radon_kria_acc_i/radon_kria_ip_0/inst/radon_kria_ip_v1_0_S00_AXI_inst/radon_inst/sampler_inst/s00_axi_aclk
    SLICE_X19Y152        FDCE                                         r  radon_kria_acc_i/radon_kria_ip_0/inst/radon_kria_ip_v1_0_S00_AXI_inst/radon_inst/sampler_inst/acc_sum_reg[15]/C
                         clock pessimism              0.141    12.319    
                         clock uncertainty           -0.160    12.159    
    SLICE_X19Y152        FDCE (Setup_DFF_SLICEL_C_D)
                                                      0.044    12.203    radon_kria_acc_i/radon_kria_ip_0/inst/radon_kria_ip_v1_0_S00_AXI_inst/radon_inst/sampler_inst/acc_sum_reg[15]
  -------------------------------------------------------------------
                         required time                         12.203    
                         arrival time                          -7.537    
  -------------------------------------------------------------------
                         slack                                  4.666    

Slack (MET) :             5.240ns  (required time - arrival time)
  Source:                 radon_kria_acc_i/radon_kria_ip_0/inst/radon_kria_ip_v1_0_S00_AXI_inst/radon_inst/s_fp_reg[15]/C
                            (rising edge-triggered cell FDPE clocked by clk_pl_0  {rise@0.000ns fall@5.000ns period=10.000ns})
  Destination:            radon_kria_acc_i/radon_kria_ip_0/inst/radon_kria_ip_v1_0_S00_AXI_inst/radon_inst/sampler_inst/y_fp1__0/DSP_OUTPUT_INST/ALU_OUT[40]
                            (rising edge-triggered cell DSP_OUTPUT clocked by clk_pl_0  {rise@0.000ns fall@5.000ns period=10.000ns})
  Path Group:             clk_pl_0
  Path Type:              Setup (Max at Slow Process Corner)
  Requirement:            10.000ns  (clk_pl_0 rise@10.000ns - clk_pl_0 rise@0.000ns)
  Data Path Delay:        4.538ns  (logic 3.048ns (67.163%)  route 1.490ns (32.837%))
  Logic Levels:           8  (DSP_A_B_DATA=1 DSP_ALU=2 DSP_C_DATA=1 DSP_M_DATA=1 DSP_MULTIPLIER=1 DSP_OUTPUT=1 DSP_PREADD_DATA=1)
  Clock Path Skew:        -0.076ns (DCD - SCD + CPR)
    Destination Clock Delay (DCD):    2.188ns = ( 12.188 - 10.000 ) 
    Source Clock Delay      (SCD):    2.440ns
    Clock Pessimism Removal (CPR):    0.176ns
  Clock Uncertainty:      0.160ns  ((TSJ^2 + DJ^2)^1/2) / 2 + PE
    Total System Jitter     (TSJ):    0.071ns
    Discrete Jitter          (DJ):    0.312ns
    Phase Error              (PE):    0.000ns
  Clock Net Delay (Source):      2.173ns (routing 1.045ns, distribution 1.128ns)
  Clock Net Delay (Destination): 1.972ns (routing 0.955ns, distribution 1.017ns)

    Location             Delay type                Incr(ns)  Path(ns)    Netlist Resource(s)
  -------------------------------------------------------------------    -------------------
                         (clock clk_pl_0 rise edge)
                                                      0.000     0.000 r  
    PS8_X0Y0             PS8                          0.000     0.000 r  radon_kria_acc_i/zynq_ultra_ps_e_0/inst/PS8_i/PLCLK[0]
                         net (fo=1, routed)           0.229     0.229    radon_kria_acc_i/zynq_ultra_ps_e_0/inst/pl_clk_unbuffered[0]
    BUFG_PS_X0Y80        BUFG_PS (Prop_BUFG_PS_I_O)
                                                      0.038     0.267 r  radon_kria_acc_i/zynq_ultra_ps_e_0/inst/buffer_pl_clk_0.PL_CLK_0_BUFG/O
    X0Y1 (CLOCK_ROOT)    net (fo=1897, routed)        2.173     2.440    radon_kria_acc_i/radon_kria_ip_0/inst/radon_kria_ip_v1_0_S00_AXI_inst/radon_inst/s00_axi_aclk
    SLICE_X14Y153        FDPE                                         r  radon_kria_acc_i/radon_kria_ip_0/inst/radon_kria_ip_v1_0_S00_AXI_inst/radon_inst/s_fp_reg[15]/C
  -------------------------------------------------------------------    -------------------
    SLICE_X14Y153        FDPE (Prop_HFF2_SLICEL_C_Q)
                                                      0.115     2.555 f  radon_kria_acc_i/radon_kria_ip_0/inst/radon_kria_ip_v1_0_S00_AXI_inst/radon_inst/s_fp_reg[15]/Q
                         net (fo=31, routed)          0.560     3.115    radon_kria_acc_i/radon_kria_ip_0/inst/radon_kria_ip_v1_0_S00_AXI_inst/radon_inst/sampler_inst/y_fp1/A[20]
    DSP48E2_X4Y62        DSP_A_B_DATA (Prop_DSP_A_B_DATA_DSP48E2_A[20]_A2_DATA[20])
                                                      0.258     3.373 r  radon_kria_acc_i/radon_kria_ip_0/inst/radon_kria_ip_v1_0_S00_AXI_inst/radon_inst/sampler_inst/y_fp1/DSP_A_B_DATA_INST/A2_DATA[20]
                         net (fo=1, routed)           0.000     3.373    radon_kria_acc_i/radon_kria_ip_0/inst/radon_kria_ip_v1_0_S00_AXI_inst/radon_inst/sampler_inst/y_fp1/DSP_A_B_DATA.A2_DATA<20>
    DSP48E2_X4Y62        DSP_PREADD_DATA (Prop_DSP_PREADD_DATA_DSP48E2_A2_DATA[20]_A2A1[20])
                                                      0.114     3.487 r  radon_kria_acc_i/radon_kria_ip_0/inst/radon_kria_ip_v1_0_S00_AXI_inst/radon_inst/sampler_inst/y_fp1/DSP_PREADD_DATA_INST/A2A1[20]
                         net (fo=1, routed)           0.000     3.487    radon_kria_acc_i/radon_kria_ip_0/inst/radon_kria_ip_v1_0_S00_AXI_inst/radon_inst/sampler_inst/y_fp1/DSP_PREADD_DATA.A2A1<20>
    DSP48E2_X4Y62        DSP_MULTIPLIER (Prop_DSP_MULTIPLIER_DSP48E2_A2A1[20]_U[29])
                                                      0.700     4.187 f  radon_kria_acc_i/radon_kria_ip_0/inst/radon_kria_ip_v1_0_S00_AXI_inst/radon_inst/sampler_inst/y_fp1/DSP_MULTIPLIER_INST/U[29]
                         net (fo=1, routed)           0.000     4.187    radon_kria_acc_i/radon_kria_ip_0/inst/radon_kria_ip_v1_0_S00_AXI_inst/radon_inst/sampler_inst/y_fp1/DSP_MULTIPLIER.U<29>
    DSP48E2_X4Y62        DSP_M_DATA (Prop_DSP_M_DATA_DSP48E2_U[29]_U_DATA[29])
                                                      0.067     4.254 r  radon_kria_acc_i/radon_kria_ip_0/inst/radon_kria_ip_v1_0_S00_AXI_inst/radon_inst/sampler_inst/y_fp1/DSP_M_DATA_INST/U_DATA[29]
                         net (fo=1, routed)           0.000     4.254    radon_kria_acc_i/radon_kria_ip_0/inst/radon_kria_ip_v1_0_S00_AXI_inst/radon_inst/sampler_inst/y_fp1/DSP_M_DATA.U_DATA<29>
    DSP48E2_X4Y62        DSP_ALU (Prop_DSP_ALU_DSP48E2_U_DATA[29]_ALU_OUT[29])
                                                      0.727     4.981 f  radon_kria_acc_i/radon_kria_ip_0/inst/radon_kria_ip_v1_0_S00_AXI_inst/radon_inst/sampler_inst/y_fp1/DSP_ALU_INST/ALU_OUT[29]
                         net (fo=1, routed)           0.000     4.981    radon_kria_acc_i/radon_kria_ip_0/inst/radon_kria_ip_v1_0_S00_AXI_inst/radon_inst/sampler_inst/y_fp1/DSP_ALU.ALU_OUT<29>
    DSP48E2_X4Y62        DSP_OUTPUT (Prop_DSP_OUTPUT_DSP48E2_ALU_OUT[29]_P[29])
                                                      0.146     5.127 r  radon_kria_acc_i/radon_kria_ip_0/inst/radon_kria_ip_v1_0_S00_AXI_inst/radon_inst/sampler_inst/y_fp1/DSP_OUTPUT_INST/P[29]
                         net (fo=19, routed)          0.930     6.057    radon_kria_acc_i/radon_kria_ip_0/inst/radon_kria_ip_v1_0_S00_AXI_inst/radon_inst/sampler_inst/y_fp1__0/C[40]
    DSP48E2_X4Y63        DSP_C_DATA (Prop_DSP_C_DATA_DSP48E2_C[40]_C_DATA[40])
                                                      0.135     6.192 r  radon_kria_acc_i/radon_kria_ip_0/inst/radon_kria_ip_v1_0_S00_AXI_inst/radon_inst/sampler_inst/y_fp1__0/DSP_C_DATA_INST/C_DATA[40]
                         net (fo=2, routed)           0.000     6.192    radon_kria_acc_i/radon_kria_ip_0/inst/radon_kria_ip_v1_0_S00_AXI_inst/radon_inst/sampler_inst/y_fp1__0/DSP_C_DATA.C_DATA<40>
    DSP48E2_X4Y63        DSP_ALU (Prop_DSP_ALU_DSP48E2_C_DATA[40]_ALU_OUT[40])
                                                      0.786     6.978 r  radon_kria_acc_i/radon_kria_ip_0/inst/radon_kria_ip_v1_0_S00_AXI_inst/radon_inst/sampler_inst/y_fp1__0/DSP_ALU_INST/ALU_OUT[40]
                         net (fo=1, routed)           0.000     6.978    radon_kria_acc_i/radon_kria_ip_0/inst/radon_kria_ip_v1_0_S00_AXI_inst/radon_inst/sampler_inst/y_fp1__0/DSP_ALU.ALU_OUT<40>
    DSP48E2_X4Y63        DSP_OUTPUT                                   r  radon_kria_acc_i/radon_kria_ip_0/inst/radon_kria_ip_v1_0_S00_AXI_inst/radon_inst/sampler_inst/y_fp1__0/DSP_OUTPUT_INST/ALU_OUT[40]
  -------------------------------------------------------------------    -------------------

                         (clock clk_pl_0 rise edge)
                                                     10.000    10.000 r  
    PS8_X0Y0             PS8                          0.000    10.000 r  radon_kria_acc_i/zynq_ultra_ps_e_0/inst/PS8_i/PLCLK[0]
                         net (fo=1, routed)           0.181    10.181    radon_kria_acc_i/zynq_ultra_ps_e_0/inst/pl_clk_unbuffered[0]
    BUFG_PS_X0Y80        BUFG_PS (Prop_BUFG_PS_I_O)
                                                      0.035    10.216 r  radon_kria_acc_i/zynq_ultra_ps_e_0/inst/buffer_pl_clk_0.PL_CLK_0_BUFG/O
    X0Y1 (CLOCK_ROOT)    net (fo=1897, routed)        1.972    12.188    radon_kria_acc_i/radon_kria_ip_0/inst/radon_kria_ip_v1_0_S00_AXI_inst/radon_inst/sampler_inst/y_fp1__0/CLK
    DSP48E2_X4Y63        DSP_OUTPUT                                   r  radon_kria_acc_i/radon_kria_ip_0/inst/radon_kria_ip_v1_0_S00_AXI_inst/radon_inst/sampler_inst/y_fp1__0/DSP_OUTPUT_INST/CLK
                         clock pessimism              0.176    12.364    
                         clock uncertainty           -0.160    12.204    
    DSP48E2_X4Y63        DSP_OUTPUT (Setup_DSP_OUTPUT_DSP48E2_CLK_ALU_OUT[40])
                                                      0.014    12.218    radon_kria_acc_i/radon_kria_ip_0/inst/radon_kria_ip_v1_0_S00_AXI_inst/radon_inst/sampler_inst/y_fp1__0/DSP_OUTPUT_INST
  -------------------------------------------------------------------
                         required time                         12.218    
                         arrival time                          -6.978    
  -------------------------------------------------------------------
                         slack                                  5.240    

Slack (MET) :             5.240ns  (required time - arrival time)
  Source:                 radon_kria_acc_i/radon_kria_ip_0/inst/radon_kria_ip_v1_0_S00_AXI_inst/radon_inst/s_fp_reg[15]/C
                            (rising edge-triggered cell FDPE clocked by clk_pl_0  {rise@0.000ns fall@5.000ns period=10.000ns})
  Destination:            radon_kria_acc_i/radon_kria_ip_0/inst/radon_kria_ip_v1_0_S00_AXI_inst/radon_inst/sampler_inst/y_fp1__0/DSP_OUTPUT_INST/ALU_OUT[41]
                            (rising edge-triggered cell DSP_OUTPUT clocked by clk_pl_0  {rise@0.000ns fall@5.000ns period=10.000ns})
  Path Group:             clk_pl_0
  Path Type:              Setup (Max at Slow Process Corner)
  Requirement:            10.000ns  (clk_pl_0 rise@10.000ns - clk_pl_0 rise@0.000ns)
  Data Path Delay:        4.538ns  (logic 3.048ns (67.163%)  route 1.490ns (32.837%))
  Logic Levels:           8  (DSP_A_B_DATA=1 DSP_ALU=2 DSP_C_DATA=1 DSP_M_DATA=1 DSP_MULTIPLIER=1 DSP_OUTPUT=1 DSP_PREADD_DATA=1)
  Clock Path Skew:        -0.076ns (DCD - SCD + CPR)
    Destination Clock Delay (DCD):    2.188ns = ( 12.188 - 10.000 ) 
    Source Clock Delay      (SCD):    2.440ns
    Clock Pessimism Removal (CPR):    0.176ns
  Clock Uncertainty:      0.160ns  ((TSJ^2 + DJ^2)^1/2) / 2 + PE
    Total System Jitter     (TSJ):    0.071ns
    Discrete Jitter          (DJ):    0.312ns
    Phase Error              (PE):    0.000ns
  Clock Net Delay (Source):      2.173ns (routing 1.045ns, distribution 1.128ns)
  Clock Net Delay (Destination): 1.972ns (routing 0.955ns, distribution 1.017ns)

    Location             Delay type                Incr(ns)  Path(ns)    Netlist Resource(s)
  -------------------------------------------------------------------    -------------------
                         (clock clk_pl_0 rise edge)
                                                      0.000     0.000 r  
    PS8_X0Y0             PS8                          0.000     0.000 r  radon_kria_acc_i/zynq_ultra_ps_e_0/inst/PS8_i/PLCLK[0]
                         net (fo=1, routed)           0.229     0.229    radon_kria_acc_i/zynq_ultra_ps_e_0/inst/pl_clk_unbuffered[0]
    BUFG_PS_X0Y80        BUFG_PS (Prop_BUFG_PS_I_O)
                                                      0.038     0.267 r  radon_kria_acc_i/zynq_ultra_ps_e_0/inst/buffer_pl_clk_0.PL_CLK_0_BUFG/O
    X0Y1 (CLOCK_ROOT)    net (fo=1897, routed)        2.173     2.440    radon_kria_acc_i/radon_kria_ip_0/inst/radon_kria_ip_v1_0_S00_AXI_inst/radon_inst/s00_axi_aclk
    SLICE_X14Y153        FDPE                                         r  radon_kria_acc_i/radon_kria_ip_0/inst/radon_kria_ip_v1_0_S00_AXI_inst/radon_inst/s_fp_reg[15]/C
  -------------------------------------------------------------------    -------------------
    SLICE_X14Y153        FDPE (Prop_HFF2_SLICEL_C_Q)
                                                      0.115     2.555 f  radon_kria_acc_i/radon_kria_ip_0/inst/radon_kria_ip_v1_0_S00_AXI_inst/radon_inst/s_fp_reg[15]/Q
                         net (fo=31, routed)          0.560     3.115    radon_kria_acc_i/radon_kria_ip_0/inst/radon_kria_ip_v1_0_S00_AXI_inst/radon_inst/sampler_inst/y_fp1/A[20]
    DSP48E2_X4Y62        DSP_A_B_DATA (Prop_DSP_A_B_DATA_DSP48E2_A[20]_A2_DATA[20])
                                                      0.258     3.373 r  radon_kria_acc_i/radon_kria_ip_0/inst/radon_kria_ip_v1_0_S00_AXI_inst/radon_inst/sampler_inst/y_fp1/DSP_A_B_DATA_INST/A2_DATA[20]
                         net (fo=1, routed)           0.000     3.373    radon_kria_acc_i/radon_kria_ip_0/inst/radon_kria_ip_v1_0_S00_AXI_inst/radon_inst/sampler_inst/y_fp1/DSP_A_B_DATA.A2_DATA<20>
    DSP48E2_X4Y62        DSP_PREADD_DATA (Prop_DSP_PREADD_DATA_DSP48E2_A2_DATA[20]_A2A1[20])
                                                      0.114     3.487 r  radon_kria_acc_i/radon_kria_ip_0/inst/radon_kria_ip_v1_0_S00_AXI_inst/radon_inst/sampler_inst/y_fp1/DSP_PREADD_DATA_INST/A2A1[20]
                         net (fo=1, routed)           0.000     3.487    radon_kria_acc_i/radon_kria_ip_0/inst/radon_kria_ip_v1_0_S00_AXI_inst/radon_inst/sampler_inst/y_fp1/DSP_PREADD_DATA.A2A1<20>
    DSP48E2_X4Y62        DSP_MULTIPLIER (Prop_DSP_MULTIPLIER_DSP48E2_A2A1[20]_U[29])
                                                      0.700     4.187 f  radon_kria_acc_i/radon_kria_ip_0/inst/radon_kria_ip_v1_0_S00_AXI_inst/radon_inst/sampler_inst/y_fp1/DSP_MULTIPLIER_INST/U[29]
                         net (fo=1, routed)           0.000     4.187    radon_kria_acc_i/radon_kria_ip_0/inst/radon_kria_ip_v1_0_S00_AXI_inst/radon_inst/sampler_inst/y_fp1/DSP_MULTIPLIER.U<29>
    DSP48E2_X4Y62        DSP_M_DATA (Prop_DSP_M_DATA_DSP48E2_U[29]_U_DATA[29])
                                                      0.067     4.254 r  radon_kria_acc_i/radon_kria_ip_0/inst/radon_kria_ip_v1_0_S00_AXI_inst/radon_inst/sampler_inst/y_fp1/DSP_M_DATA_INST/U_DATA[29]
                         net (fo=1, routed)           0.000     4.254    radon_kria_acc_i/radon_kria_ip_0/inst/radon_kria_ip_v1_0_S00_AXI_inst/radon_inst/sampler_inst/y_fp1/DSP_M_DATA.U_DATA<29>
    DSP48E2_X4Y62        DSP_ALU (Prop_DSP_ALU_DSP48E2_U_DATA[29]_ALU_OUT[29])
                                                      0.727     4.981 f  radon_kria_acc_i/radon_kria_ip_0/inst/radon_kria_ip_v1_0_S00_AXI_inst/radon_inst/sampler_inst/y_fp1/DSP_ALU_INST/ALU_OUT[29]
                         net (fo=1, routed)           0.000     4.981    radon_kria_acc_i/radon_kria_ip_0/inst/radon_kria_ip_v1_0_S00_AXI_inst/radon_inst/sampler_inst/y_fp1/DSP_ALU.ALU_OUT<29>
    DSP48E2_X4Y62        DSP_OUTPUT (Prop_DSP_OUTPUT_DSP48E2_ALU_OUT[29]_P[29])
                                                      0.146     5.127 r  radon_kria_acc_i/radon_kria_ip_0/inst/radon_kria_ip_v1_0_S00_AXI_inst/radon_inst/sampler_inst/y_fp1/DSP_OUTPUT_INST/P[29]
                         net (fo=19, routed)          0.930     6.057    radon_kria_acc_i/radon_kria_ip_0/inst/radon_kria_ip_v1_0_S00_AXI_inst/radon_inst/sampler_inst/y_fp1__0/C[40]
    DSP48E2_X4Y63        DSP_C_DATA (Prop_DSP_C_DATA_DSP48E2_C[40]_C_DATA[40])
                                                      0.135     6.192 r  radon_kria_acc_i/radon_kria_ip_0/inst/radon_kria_ip_v1_0_S00_AXI_inst/radon_inst/sampler_inst/y_fp1__0/DSP_C_DATA_INST/C_DATA[40]
                         net (fo=2, routed)           0.000     6.192    radon_kria_acc_i/radon_kria_ip_0/inst/radon_kria_ip_v1_0_S00_AXI_inst/radon_inst/sampler_inst/y_fp1__0/DSP_C_DATA.C_DATA<40>
    DSP48E2_X4Y63        DSP_ALU (Prop_DSP_ALU_DSP48E2_C_DATA[40]_ALU_OUT[41])
                                                      0.786     6.978 r  radon_kria_acc_i/radon_kria_ip_0/inst/radon_kria_ip_v1_0_S00_AXI_inst/radon_inst/sampler_inst/y_fp1__0/DSP_ALU_INST/ALU_OUT[41]
                         net (fo=1, routed)           0.000     6.978    radon_kria_acc_i/radon_kria_ip_0/inst/radon_kria_ip_v1_0_S00_AXI_inst/radon_inst/sampler_inst/y_fp1__0/DSP_ALU.ALU_OUT<41>
    DSP48E2_X4Y63        DSP_OUTPUT                                   r  radon_kria_acc_i/radon_kria_ip_0/inst/radon_kria_ip_v1_0_S00_AXI_inst/radon_inst/sampler_inst/y_fp1__0/DSP_OUTPUT_INST/ALU_OUT[41]
  -------------------------------------------------------------------    -------------------

                         (clock clk_pl_0 rise edge)
                                                     10.000    10.000 r  
    PS8_X0Y0             PS8                          0.000    10.000 r  radon_kria_acc_i/zynq_ultra_ps_e_0/inst/PS8_i/PLCLK[0]
                         net (fo=1, routed)           0.181    10.181    radon_kria_acc_i/zynq_ultra_ps_e_0/inst/pl_clk_unbuffered[0]
    BUFG_PS_X0Y80        BUFG_PS (Prop_BUFG_PS_I_O)
                                                      0.035    10.216 r  radon_kria_acc_i/zynq_ultra_ps_e_0/inst/buffer_pl_clk_0.PL_CLK_0_BUFG/O
    X0Y1 (CLOCK_ROOT)    net (fo=1897, routed)        1.972    12.188    radon_kria_acc_i/radon_kria_ip_0/inst/radon_kria_ip_v1_0_S00_AXI_inst/radon_inst/sampler_inst/y_fp1__0/CLK
    DSP48E2_X4Y63        DSP_OUTPUT                                   r  radon_kria_acc_i/radon_kria_ip_0/inst/radon_kria_ip_v1_0_S00_AXI_inst/radon_inst/sampler_inst/y_fp1__0/DSP_OUTPUT_INST/CLK
                         clock pessimism              0.176    12.364    
                         clock uncertainty           -0.160    12.204    
    DSP48E2_X4Y63        DSP_OUTPUT (Setup_DSP_OUTPUT_DSP48E2_CLK_ALU_OUT[41])
                                                      0.014    12.218    radon_kria_acc_i/radon_kria_ip_0/inst/radon_kria_ip_v1_0_S00_AXI_inst/radon_inst/sampler_inst/y_fp1__0/DSP_OUTPUT_INST
  -------------------------------------------------------------------
                         required time                         12.218    
                         arrival time                          -6.978    
  -------------------------------------------------------------------
                         slack                                  5.240    

Slack (MET) :             5.240ns  (required time - arrival time)
  Source:                 radon_kria_acc_i/radon_kria_ip_0/inst/radon_kria_ip_v1_0_S00_AXI_inst/radon_inst/s_fp_reg[15]/C
                            (rising edge-triggered cell FDPE clocked by clk_pl_0  {rise@0.000ns fall@5.000ns period=10.000ns})
  Destination:            radon_kria_acc_i/radon_kria_ip_0/inst/radon_kria_ip_v1_0_S00_AXI_inst/radon_inst/sampler_inst/y_fp1__0/DSP_OUTPUT_INST/ALU_OUT[42]
                            (rising edge-triggered cell DSP_OUTPUT clocked by clk_pl_0  {rise@0.000ns fall@5.000ns period=10.000ns})
  Path Group:             clk_pl_0
  Path Type:              Setup (Max at Slow Process Corner)
  Requirement:            10.000ns  (clk_pl_0 rise@10.000ns - clk_pl_0 rise@0.000ns)
  Data Path Delay:        4.538ns  (logic 3.048ns (67.163%)  route 1.490ns (32.837%))
  Logic Levels:           8  (DSP_A_B_DATA=1 DSP_ALU=2 DSP_C_DATA=1 DSP_M_DATA=1 DSP_MULTIPLIER=1 DSP_OUTPUT=1 DSP_PREADD_DATA=1)
  Clock Path Skew:        -0.076ns (DCD - SCD + CPR)
    Destination Clock Delay (DCD):    2.188ns = ( 12.188 - 10.000 ) 
    Source Clock Delay      (SCD):    2.440ns
    Clock Pessimism Removal (CPR):    0.176ns
  Clock Uncertainty:      0.160ns  ((TSJ^2 + DJ^2)^1/2) / 2 + PE
    Total System Jitter     (TSJ):    0.071ns
    Discrete Jitter          (DJ):    0.312ns
    Phase Error              (PE):    0.000ns
  Clock Net Delay (Source):      2.173ns (routing 1.045ns, distribution 1.128ns)
  Clock Net Delay (Destination): 1.972ns (routing 0.955ns, distribution 1.017ns)

    Location             Delay type                Incr(ns)  Path(ns)    Netlist Resource(s)
  -------------------------------------------------------------------    -------------------
                         (clock clk_pl_0 rise edge)
                                                      0.000     0.000 r  
    PS8_X0Y0             PS8                          0.000     0.000 r  radon_kria_acc_i/zynq_ultra_ps_e_0/inst/PS8_i/PLCLK[0]
                         net (fo=1, routed)           0.229     0.229    radon_kria_acc_i/zynq_ultra_ps_e_0/inst/pl_clk_unbuffered[0]
    BUFG_PS_X0Y80        BUFG_PS (Prop_BUFG_PS_I_O)
                                                      0.038     0.267 r  radon_kria_acc_i/zynq_ultra_ps_e_0/inst/buffer_pl_clk_0.PL_CLK_0_BUFG/O
    X0Y1 (CLOCK_ROOT)    net (fo=1897, routed)        2.173     2.440    radon_kria_acc_i/radon_kria_ip_0/inst/radon_kria_ip_v1_0_S00_AXI_inst/radon_inst/s00_axi_aclk
    SLICE_X14Y153        FDPE                                         r  radon_kria_acc_i/radon_kria_ip_0/inst/radon_kria_ip_v1_0_S00_AXI_inst/radon_inst/s_fp_reg[15]/C
  -------------------------------------------------------------------    -------------------
    SLICE_X14Y153        FDPE (Prop_HFF2_SLICEL_C_Q)
                                                      0.115     2.555 f  radon_kria_acc_i/radon_kria_ip_0/inst/radon_kria_ip_v1_0_S00_AXI_inst/radon_inst/s_fp_reg[15]/Q
                         net (fo=31, routed)          0.560     3.115    radon_kria_acc_i/radon_kria_ip_0/inst/radon_kria_ip_v1_0_S00_AXI_inst/radon_inst/sampler_inst/y_fp1/A[20]
    DSP48E2_X4Y62        DSP_A_B_DATA (Prop_DSP_A_B_DATA_DSP48E2_A[20]_A2_DATA[20])
                                                      0.258     3.373 r  radon_kria_acc_i/radon_kria_ip_0/inst/radon_kria_ip_v1_0_S00_AXI_inst/radon_inst/sampler_inst/y_fp1/DSP_A_B_DATA_INST/A2_DATA[20]
                         net (fo=1, routed)           0.000     3.373    radon_kria_acc_i/radon_kria_ip_0/inst/radon_kria_ip_v1_0_S00_AXI_inst/radon_inst/sampler_inst/y_fp1/DSP_A_B_DATA.A2_DATA<20>
    DSP48E2_X4Y62        DSP_PREADD_DATA (Prop_DSP_PREADD_DATA_DSP48E2_A2_DATA[20]_A2A1[20])
                                                      0.114     3.487 r  radon_kria_acc_i/radon_kria_ip_0/inst/radon_kria_ip_v1_0_S00_AXI_inst/radon_inst/sampler_inst/y_fp1/DSP_PREADD_DATA_INST/A2A1[20]
                         net (fo=1, routed)           0.000     3.487    radon_kria_acc_i/radon_kria_ip_0/inst/radon_kria_ip_v1_0_S00_AXI_inst/radon_inst/sampler_inst/y_fp1/DSP_PREADD_DATA.A2A1<20>
    DSP48E2_X4Y62        DSP_MULTIPLIER (Prop_DSP_MULTIPLIER_DSP48E2_A2A1[20]_U[29])
                                                      0.700     4.187 f  radon_kria_acc_i/radon_kria_ip_0/inst/radon_kria_ip_v1_0_S00_AXI_inst/radon_inst/sampler_inst/y_fp1/DSP_MULTIPLIER_INST/U[29]
                         net (fo=1, routed)           0.000     4.187    radon_kria_acc_i/radon_kria_ip_0/inst/radon_kria_ip_v1_0_S00_AXI_inst/radon_inst/sampler_inst/y_fp1/DSP_MULTIPLIER.U<29>
    DSP48E2_X4Y62        DSP_M_DATA (Prop_DSP_M_DATA_DSP48E2_U[29]_U_DATA[29])
                                                      0.067     4.254 r  radon_kria_acc_i/radon_kria_ip_0/inst/radon_kria_ip_v1_0_S00_AXI_inst/radon_inst/sampler_inst/y_fp1/DSP_M_DATA_INST/U_DATA[29]
                         net (fo=1, routed)           0.000     4.254    radon_kria_acc_i/radon_kria_ip_0/inst/radon_kria_ip_v1_0_S00_AXI_inst/radon_inst/sampler_inst/y_fp1/DSP_M_DATA.U_DATA<29>
    DSP48E2_X4Y62        DSP_ALU (Prop_DSP_ALU_DSP48E2_U_DATA[29]_ALU_OUT[29])
                                                      0.727     4.981 f  radon_kria_acc_i/radon_kria_ip_0/inst/radon_kria_ip_v1_0_S00_AXI_inst/radon_inst/sampler_inst/y_fp1/DSP_ALU_INST/ALU_OUT[29]
                         net (fo=1, routed)           0.000     4.981    radon_kria_acc_i/radon_kria_ip_0/inst/radon_kria_ip_v1_0_S00_AXI_inst/radon_inst/sampler_inst/y_fp1/DSP_ALU.ALU_OUT<29>
    DSP48E2_X4Y62        DSP_OUTPUT (Prop_DSP_OUTPUT_DSP48E2_ALU_OUT[29]_P[29])
                                                      0.146     5.127 r  radon_kria_acc_i/radon_kria_ip_0/inst/radon_kria_ip_v1_0_S00_AXI_inst/radon_inst/sampler_inst/y_fp1/DSP_OUTPUT_INST/P[29]
                         net (fo=19, routed)          0.930     6.057    radon_kria_acc_i/radon_kria_ip_0/inst/radon_kria_ip_v1_0_S00_AXI_inst/radon_inst/sampler_inst/y_fp1__0/C[40]
    DSP48E2_X4Y63        DSP_C_DATA (Prop_DSP_C_DATA_DSP48E2_C[40]_C_DATA[40])
                                                      0.135     6.192 r  radon_kria_acc_i/radon_kria_ip_0/inst/radon_kria_ip_v1_0_S00_AXI_inst/radon_inst/sampler_inst/y_fp1__0/DSP_C_DATA_INST/C_DATA[40]
                         net (fo=2, routed)           0.000     6.192    radon_kria_acc_i/radon_kria_ip_0/inst/radon_kria_ip_v1_0_S00_AXI_inst/radon_inst/sampler_inst/y_fp1__0/DSP_C_DATA.C_DATA<40>
    DSP48E2_X4Y63        DSP_ALU (Prop_DSP_ALU_DSP48E2_C_DATA[40]_ALU_OUT[42])
                                                      0.786     6.978 r  radon_kria_acc_i/radon_kria_ip_0/inst/radon_kria_ip_v1_0_S00_AXI_inst/radon_inst/sampler_inst/y_fp1__0/DSP_ALU_INST/ALU_OUT[42]
                         net (fo=1, routed)           0.000     6.978    radon_kria_acc_i/radon_kria_ip_0/inst/radon_kria_ip_v1_0_S00_AXI_inst/radon_inst/sampler_inst/y_fp1__0/DSP_ALU.ALU_OUT<42>
    DSP48E2_X4Y63        DSP_OUTPUT                                   r  radon_kria_acc_i/radon_kria_ip_0/inst/radon_kria_ip_v1_0_S00_AXI_inst/radon_inst/sampler_inst/y_fp1__0/DSP_OUTPUT_INST/ALU_OUT[42]
  -------------------------------------------------------------------    -------------------

                         (clock clk_pl_0 rise edge)
                                                     10.000    10.000 r  
    PS8_X0Y0             PS8                          0.000    10.000 r  radon_kria_acc_i/zynq_ultra_ps_e_0/inst/PS8_i/PLCLK[0]
                         net (fo=1, routed)           0.181    10.181    radon_kria_acc_i/zynq_ultra_ps_e_0/inst/pl_clk_unbuffered[0]
    BUFG_PS_X0Y80        BUFG_PS (Prop_BUFG_PS_I_O)
                                                      0.035    10.216 r  radon_kria_acc_i/zynq_ultra_ps_e_0/inst/buffer_pl_clk_0.PL_CLK_0_BUFG/O
    X0Y1 (CLOCK_ROOT)    net (fo=1897, routed)        1.972    12.188    radon_kria_acc_i/radon_kria_ip_0/inst/radon_kria_ip_v1_0_S00_AXI_inst/radon_inst/sampler_inst/y_fp1__0/CLK
    DSP48E2_X4Y63        DSP_OUTPUT                                   r  radon_kria_acc_i/radon_kria_ip_0/inst/radon_kria_ip_v1_0_S00_AXI_inst/radon_inst/sampler_inst/y_fp1__0/DSP_OUTPUT_INST/CLK
                         clock pessimism              0.176    12.364    
                         clock uncertainty           -0.160    12.204    
    DSP48E2_X4Y63        DSP_OUTPUT (Setup_DSP_OUTPUT_DSP48E2_CLK_ALU_OUT[42])
                                                      0.014    12.218    radon_kria_acc_i/radon_kria_ip_0/inst/radon_kria_ip_v1_0_S00_AXI_inst/radon_inst/sampler_inst/y_fp1__0/DSP_OUTPUT_INST
  -------------------------------------------------------------------
                         required time                         12.218    
                         arrival time                          -6.978    
  -------------------------------------------------------------------
                         slack                                  5.240    

Slack (MET) :             5.240ns  (required time - arrival time)
  Source:                 radon_kria_acc_i/radon_kria_ip_0/inst/radon_kria_ip_v1_0_S00_AXI_inst/radon_inst/s_fp_reg[15]/C
                            (rising edge-triggered cell FDPE clocked by clk_pl_0  {rise@0.000ns fall@5.000ns period=10.000ns})
  Destination:            radon_kria_acc_i/radon_kria_ip_0/inst/radon_kria_ip_v1_0_S00_AXI_inst/radon_inst/sampler_inst/y_fp1__0/DSP_OUTPUT_INST/ALU_OUT[43]
                            (rising edge-triggered cell DSP_OUTPUT clocked by clk_pl_0  {rise@0.000ns fall@5.000ns period=10.000ns})
  Path Group:             clk_pl_0
  Path Type:              Setup (Max at Slow Process Corner)
  Requirement:            10.000ns  (clk_pl_0 rise@10.000ns - clk_pl_0 rise@0.000ns)
  Data Path Delay:        4.538ns  (logic 3.048ns (67.163%)  route 1.490ns (32.837%))
  Logic Levels:           8  (DSP_A_B_DATA=1 DSP_ALU=2 DSP_C_DATA=1 DSP_M_DATA=1 DSP_MULTIPLIER=1 DSP_OUTPUT=1 DSP_PREADD_DATA=1)
  Clock Path Skew:        -0.076ns (DCD - SCD + CPR)
    Destination Clock Delay (DCD):    2.188ns = ( 12.188 - 10.000 ) 
    Source Clock Delay      (SCD):    2.440ns
    Clock Pessimism Removal (CPR):    0.176ns
  Clock Uncertainty:      0.160ns  ((TSJ^2 + DJ^2)^1/2) / 2 + PE
    Total System Jitter     (TSJ):    0.071ns
    Discrete Jitter          (DJ):    0.312ns
    Phase Error              (PE):    0.000ns
  Clock Net Delay (Source):      2.173ns (routing 1.045ns, distribution 1.128ns)
  Clock Net Delay (Destination): 1.972ns (routing 0.955ns, distribution 1.017ns)

    Location             Delay type                Incr(ns)  Path(ns)    Netlist Resource(s)
  -------------------------------------------------------------------    -------------------
                         (clock clk_pl_0 rise edge)
                                                      0.000     0.000 r  
    PS8_X0Y0             PS8                          0.000     0.000 r  radon_kria_acc_i/zynq_ultra_ps_e_0/inst/PS8_i/PLCLK[0]
                         net (fo=1, routed)           0.229     0.229    radon_kria_acc_i/zynq_ultra_ps_e_0/inst/pl_clk_unbuffered[0]
    BUFG_PS_X0Y80        BUFG_PS (Prop_BUFG_PS_I_O)
                                                      0.038     0.267 r  radon_kria_acc_i/zynq_ultra_ps_e_0/inst/buffer_pl_clk_0.PL_CLK_0_BUFG/O
    X0Y1 (CLOCK_ROOT)    net (fo=1897, routed)        2.173     2.440    radon_kria_acc_i/radon_kria_ip_0/inst/radon_kria_ip_v1_0_S00_AXI_inst/radon_inst/s00_axi_aclk
    SLICE_X14Y153        FDPE                                         r  radon_kria_acc_i/radon_kria_ip_0/inst/radon_kria_ip_v1_0_S00_AXI_inst/radon_inst/s_fp_reg[15]/C
  -------------------------------------------------------------------    -------------------
    SLICE_X14Y153        FDPE (Prop_HFF2_SLICEL_C_Q)
                                                      0.115     2.555 f  radon_kria_acc_i/radon_kria_ip_0/inst/radon_kria_ip_v1_0_S00_AXI_inst/radon_inst/s_fp_reg[15]/Q
                         net (fo=31, routed)          0.560     3.115    radon_kria_acc_i/radon_kria_ip_0/inst/radon_kria_ip_v1_0_S00_AXI_inst/radon_inst/sampler_inst/y_fp1/A[20]
    DSP48E2_X4Y62        DSP_A_B_DATA (Prop_DSP_A_B_DATA_DSP48E2_A[20]_A2_DATA[20])
                                                      0.258     3.373 r  radon_kria_acc_i/radon_kria_ip_0/inst/radon_kria_ip_v1_0_S00_AXI_inst/radon_inst/sampler_inst/y_fp1/DSP_A_B_DATA_INST/A2_DATA[20]
                         net (fo=1, routed)           0.000     3.373    radon_kria_acc_i/radon_kria_ip_0/inst/radon_kria_ip_v1_0_S00_AXI_inst/radon_inst/sampler_inst/y_fp1/DSP_A_B_DATA.A2_DATA<20>
    DSP48E2_X4Y62        DSP_PREADD_DATA (Prop_DSP_PREADD_DATA_DSP48E2_A2_DATA[20]_A2A1[20])
                                                      0.114     3.487 r  radon_kria_acc_i/radon_kria_ip_0/inst/radon_kria_ip_v1_0_S00_AXI_inst/radon_inst/sampler_inst/y_fp1/DSP_PREADD_DATA_INST/A2A1[20]
                         net (fo=1, routed)           0.000     3.487    radon_kria_acc_i/radon_kria_ip_0/inst/radon_kria_ip_v1_0_S00_AXI_inst/radon_inst/sampler_inst/y_fp1/DSP_PREADD_DATA.A2A1<20>
    DSP48E2_X4Y62        DSP_MULTIPLIER (Prop_DSP_MULTIPLIER_DSP48E2_A2A1[20]_U[29])
                                                      0.700     4.187 f  radon_kria_acc_i/radon_kria_ip_0/inst/radon_kria_ip_v1_0_S00_AXI_inst/radon_inst/sampler_inst/y_fp1/DSP_MULTIPLIER_INST/U[29]
                         net (fo=1, routed)           0.000     4.187    radon_kria_acc_i/radon_kria_ip_0/inst/radon_kria_ip_v1_0_S00_AXI_inst/radon_inst/sampler_inst/y_fp1/DSP_MULTIPLIER.U<29>
    DSP48E2_X4Y62        DSP_M_DATA (Prop_DSP_M_DATA_DSP48E2_U[29]_U_DATA[29])
                                                      0.067     4.254 r  radon_kria_acc_i/radon_kria_ip_0/inst/radon_kria_ip_v1_0_S00_AXI_inst/radon_inst/sampler_inst/y_fp1/DSP_M_DATA_INST/U_DATA[29]
                         net (fo=1, routed)           0.000     4.254    radon_kria_acc_i/radon_kria_ip_0/inst/radon_kria_ip_v1_0_S00_AXI_inst/radon_inst/sampler_inst/y_fp1/DSP_M_DATA.U_DATA<29>
    DSP48E2_X4Y62        DSP_ALU (Prop_DSP_ALU_DSP48E2_U_DATA[29]_ALU_OUT[29])
                                                      0.727     4.981 f  radon_kria_acc_i/radon_kria_ip_0/inst/radon_kria_ip_v1_0_S00_AXI_inst/radon_inst/sampler_inst/y_fp1/DSP_ALU_INST/ALU_OUT[29]
                         net (fo=1, routed)           0.000     4.981    radon_kria_acc_i/radon_kria_ip_0/inst/radon_kria_ip_v1_0_S00_AXI_inst/radon_inst/sampler_inst/y_fp1/DSP_ALU.ALU_OUT<29>
    DSP48E2_X4Y62        DSP_OUTPUT (Prop_DSP_OUTPUT_DSP48E2_ALU_OUT[29]_P[29])
                                                      0.146     5.127 r  radon_kria_acc_i/radon_kria_ip_0/inst/radon_kria_ip_v1_0_S00_AXI_inst/radon_inst/sampler_inst/y_fp1/DSP_OUTPUT_INST/P[29]
                         net (fo=19, routed)          0.930     6.057    radon_kria_acc_i/radon_kria_ip_0/inst/radon_kria_ip_v1_0_S00_AXI_inst/radon_inst/sampler_inst/y_fp1__0/C[40]
    DSP48E2_X4Y63        DSP_C_DATA (Prop_DSP_C_DATA_DSP48E2_C[40]_C_DATA[40])
                                                      0.135     6.192 r  radon_kria_acc_i/radon_kria_ip_0/inst/radon_kria_ip_v1_0_S00_AXI_inst/radon_inst/sampler_inst/y_fp1__0/DSP_C_DATA_INST/C_DATA[40]
                         net (fo=2, routed)           0.000     6.192    radon_kria_acc_i/radon_kria_ip_0/inst/radon_kria_ip_v1_0_S00_AXI_inst/radon_inst/sampler_inst/y_fp1__0/DSP_C_DATA.C_DATA<40>
    DSP48E2_X4Y63        DSP_ALU (Prop_DSP_ALU_DSP48E2_C_DATA[40]_ALU_OUT[43])
                                                      0.786     6.978 r  radon_kria_acc_i/radon_kria_ip_0/inst/radon_kria_ip_v1_0_S00_AXI_inst/radon_inst/sampler_inst/y_fp1__0/DSP_ALU_INST/ALU_OUT[43]
                         net (fo=1, routed)           0.000     6.978    radon_kria_acc_i/radon_kria_ip_0/inst/radon_kria_ip_v1_0_S00_AXI_inst/radon_inst/sampler_inst/y_fp1__0/DSP_ALU.ALU_OUT<43>
    DSP48E2_X4Y63        DSP_OUTPUT                                   r  radon_kria_acc_i/radon_kria_ip_0/inst/radon_kria_ip_v1_0_S00_AXI_inst/radon_inst/sampler_inst/y_fp1__0/DSP_OUTPUT_INST/ALU_OUT[43]
  -------------------------------------------------------------------    -------------------

                         (clock clk_pl_0 rise edge)
                                                     10.000    10.000 r  
    PS8_X0Y0             PS8                          0.000    10.000 r  radon_kria_acc_i/zynq_ultra_ps_e_0/inst/PS8_i/PLCLK[0]
                         net (fo=1, routed)           0.181    10.181    radon_kria_acc_i/zynq_ultra_ps_e_0/inst/pl_clk_unbuffered[0]
    BUFG_PS_X0Y80        BUFG_PS (Prop_BUFG_PS_I_O)
                                                      0.035    10.216 r  radon_kria_acc_i/zynq_ultra_ps_e_0/inst/buffer_pl_clk_0.PL_CLK_0_BUFG/O
    X0Y1 (CLOCK_ROOT)    net (fo=1897, routed)        1.972    12.188    radon_kria_acc_i/radon_kria_ip_0/inst/radon_kria_ip_v1_0_S00_AXI_inst/radon_inst/sampler_inst/y_fp1__0/CLK
    DSP48E2_X4Y63        DSP_OUTPUT                                   r  radon_kria_acc_i/radon_kria_ip_0/inst/radon_kria_ip_v1_0_S00_AXI_inst/radon_inst/sampler_inst/y_fp1__0/DSP_OUTPUT_INST/CLK
                         clock pessimism              0.176    12.364    
                         clock uncertainty           -0.160    12.204    
    DSP48E2_X4Y63        DSP_OUTPUT (Setup_DSP_OUTPUT_DSP48E2_CLK_ALU_OUT[43])
                                                      0.014    12.218    radon_kria_acc_i/radon_kria_ip_0/inst/radon_kria_ip_v1_0_S00_AXI_inst/radon_inst/sampler_inst/y_fp1__0/DSP_OUTPUT_INST
  -------------------------------------------------------------------
                         required time                         12.218    
                         arrival time                          -6.978    
  -------------------------------------------------------------------
                         slack                                  5.240    

Slack (MET) :             5.240ns  (required time - arrival time)
  Source:                 radon_kria_acc_i/radon_kria_ip_0/inst/radon_kria_ip_v1_0_S00_AXI_inst/radon_inst/s_fp_reg[15]/C
                            (rising edge-triggered cell FDPE clocked by clk_pl_0  {rise@0.000ns fall@5.000ns period=10.000ns})
  Destination:            radon_kria_acc_i/radon_kria_ip_0/inst/radon_kria_ip_v1_0_S00_AXI_inst/radon_inst/sampler_inst/y_fp1__0/DSP_OUTPUT_INST/ALU_OUT[44]
                            (rising edge-triggered cell DSP_OUTPUT clocked by clk_pl_0  {rise@0.000ns fall@5.000ns period=10.000ns})
  Path Group:             clk_pl_0
  Path Type:              Setup (Max at Slow Process Corner)
  Requirement:            10.000ns  (clk_pl_0 rise@10.000ns - clk_pl_0 rise@0.000ns)
  Data Path Delay:        4.538ns  (logic 3.048ns (67.163%)  route 1.490ns (32.837%))
  Logic Levels:           8  (DSP_A_B_DATA=1 DSP_ALU=2 DSP_C_DATA=1 DSP_M_DATA=1 DSP_MULTIPLIER=1 DSP_OUTPUT=1 DSP_PREADD_DATA=1)
  Clock Path Skew:        -0.076ns (DCD - SCD + CPR)
    Destination Clock Delay (DCD):    2.188ns = ( 12.188 - 10.000 ) 
    Source Clock Delay      (SCD):    2.440ns
    Clock Pessimism Removal (CPR):    0.176ns
  Clock Uncertainty:      0.160ns  ((TSJ^2 + DJ^2)^1/2) / 2 + PE
    Total System Jitter     (TSJ):    0.071ns
    Discrete Jitter          (DJ):    0.312ns
    Phase Error              (PE):    0.000ns
  Clock Net Delay (Source):      2.173ns (routing 1.045ns, distribution 1.128ns)
  Clock Net Delay (Destination): 1.972ns (routing 0.955ns, distribution 1.017ns)

    Location             Delay type                Incr(ns)  Path(ns)    Netlist Resource(s)
  -------------------------------------------------------------------    -------------------
                         (clock clk_pl_0 rise edge)
                                                      0.000     0.000 r  
    PS8_X0Y0             PS8                          0.000     0.000 r  radon_kria_acc_i/zynq_ultra_ps_e_0/inst/PS8_i/PLCLK[0]
                         net (fo=1, routed)           0.229     0.229    radon_kria_acc_i/zynq_ultra_ps_e_0/inst/pl_clk_unbuffered[0]
    BUFG_PS_X0Y80        BUFG_PS (Prop_BUFG_PS_I_O)
                                                      0.038     0.267 r  radon_kria_acc_i/zynq_ultra_ps_e_0/inst/buffer_pl_clk_0.PL_CLK_0_BUFG/O
    X0Y1 (CLOCK_ROOT)    net (fo=1897, routed)        2.173     2.440    radon_kria_acc_i/radon_kria_ip_0/inst/radon_kria_ip_v1_0_S00_AXI_inst/radon_inst/s00_axi_aclk
    SLICE_X14Y153        FDPE                                         r  radon_kria_acc_i/radon_kria_ip_0/inst/radon_kria_ip_v1_0_S00_AXI_inst/radon_inst/s_fp_reg[15]/C
  -------------------------------------------------------------------    -------------------
    SLICE_X14Y153        FDPE (Prop_HFF2_SLICEL_C_Q)
                                                      0.115     2.555 f  radon_kria_acc_i/radon_kria_ip_0/inst/radon_kria_ip_v1_0_S00_AXI_inst/radon_inst/s_fp_reg[15]/Q
                         net (fo=31, routed)          0.560     3.115    radon_kria_acc_i/radon_kria_ip_0/inst/radon_kria_ip_v1_0_S00_AXI_inst/radon_inst/sampler_inst/y_fp1/A[20]
    DSP48E2_X4Y62        DSP_A_B_DATA (Prop_DSP_A_B_DATA_DSP48E2_A[20]_A2_DATA[20])
                                                      0.258     3.373 r  radon_kria_acc_i/radon_kria_ip_0/inst/radon_kria_ip_v1_0_S00_AXI_inst/radon_inst/sampler_inst/y_fp1/DSP_A_B_DATA_INST/A2_DATA[20]
                         net (fo=1, routed)           0.000     3.373    radon_kria_acc_i/radon_kria_ip_0/inst/radon_kria_ip_v1_0_S00_AXI_inst/radon_inst/sampler_inst/y_fp1/DSP_A_B_DATA.A2_DATA<20>
    DSP48E2_X4Y62        DSP_PREADD_DATA (Prop_DSP_PREADD_DATA_DSP48E2_A2_DATA[20]_A2A1[20])
                                                      0.114     3.487 r  radon_kria_acc_i/radon_kria_ip_0/inst/radon_kria_ip_v1_0_S00_AXI_inst/radon_inst/sampler_inst/y_fp1/DSP_PREADD_DATA_INST/A2A1[20]
                         net (fo=1, routed)           0.000     3.487    radon_kria_acc_i/radon_kria_ip_0/inst/radon_kria_ip_v1_0_S00_AXI_inst/radon_inst/sampler_inst/y_fp1/DSP_PREADD_DATA.A2A1<20>
    DSP48E2_X4Y62        DSP_MULTIPLIER (Prop_DSP_MULTIPLIER_DSP48E2_A2A1[20]_U[29])
                                                      0.700     4.187 f  radon_kria_acc_i/radon_kria_ip_0/inst/radon_kria_ip_v1_0_S00_AXI_inst/radon_inst/sampler_inst/y_fp1/DSP_MULTIPLIER_INST/U[29]
                         net (fo=1, routed)           0.000     4.187    radon_kria_acc_i/radon_kria_ip_0/inst/radon_kria_ip_v1_0_S00_AXI_inst/radon_inst/sampler_inst/y_fp1/DSP_MULTIPLIER.U<29>
    DSP48E2_X4Y62        DSP_M_DATA (Prop_DSP_M_DATA_DSP48E2_U[29]_U_DATA[29])
                                                      0.067     4.254 r  radon_kria_acc_i/radon_kria_ip_0/inst/radon_kria_ip_v1_0_S00_AXI_inst/radon_inst/sampler_inst/y_fp1/DSP_M_DATA_INST/U_DATA[29]
                         net (fo=1, routed)           0.000     4.254    radon_kria_acc_i/radon_kria_ip_0/inst/radon_kria_ip_v1_0_S00_AXI_inst/radon_inst/sampler_inst/y_fp1/DSP_M_DATA.U_DATA<29>
    DSP48E2_X4Y62        DSP_ALU (Prop_DSP_ALU_DSP48E2_U_DATA[29]_ALU_OUT[29])
                                                      0.727     4.981 f  radon_kria_acc_i/radon_kria_ip_0/inst/radon_kria_ip_v1_0_S00_AXI_inst/radon_inst/sampler_inst/y_fp1/DSP_ALU_INST/ALU_OUT[29]
                         net (fo=1, routed)           0.000     4.981    radon_kria_acc_i/radon_kria_ip_0/inst/radon_kria_ip_v1_0_S00_AXI_inst/radon_inst/sampler_inst/y_fp1/DSP_ALU.ALU_OUT<29>
    DSP48E2_X4Y62        DSP_OUTPUT (Prop_DSP_OUTPUT_DSP48E2_ALU_OUT[29]_P[29])
                                                      0.146     5.127 r  radon_kria_acc_i/radon_kria_ip_0/inst/radon_kria_ip_v1_0_S00_AXI_inst/radon_inst/sampler_inst/y_fp1/DSP_OUTPUT_INST/P[29]
                         net (fo=19, routed)          0.930     6.057    radon_kria_acc_i/radon_kria_ip_0/inst/radon_kria_ip_v1_0_S00_AXI_inst/radon_inst/sampler_inst/y_fp1__0/C[40]
    DSP48E2_X4Y63        DSP_C_DATA (Prop_DSP_C_DATA_DSP48E2_C[40]_C_DATA[40])
                                                      0.135     6.192 r  radon_kria_acc_i/radon_kria_ip_0/inst/radon_kria_ip_v1_0_S00_AXI_inst/radon_inst/sampler_inst/y_fp1__0/DSP_C_DATA_INST/C_DATA[40]
                         net (fo=2, routed)           0.000     6.192    radon_kria_acc_i/radon_kria_ip_0/inst/radon_kria_ip_v1_0_S00_AXI_inst/radon_inst/sampler_inst/y_fp1__0/DSP_C_DATA.C_DATA<40>
    DSP48E2_X4Y63        DSP_ALU (Prop_DSP_ALU_DSP48E2_C_DATA[40]_ALU_OUT[44])
                                                      0.786     6.978 r  radon_kria_acc_i/radon_kria_ip_0/inst/radon_kria_ip_v1_0_S00_AXI_inst/radon_inst/sampler_inst/y_fp1__0/DSP_ALU_INST/ALU_OUT[44]
                         net (fo=1, routed)           0.000     6.978    radon_kria_acc_i/radon_kria_ip_0/inst/radon_kria_ip_v1_0_S00_AXI_inst/radon_inst/sampler_inst/y_fp1__0/DSP_ALU.ALU_OUT<44>
    DSP48E2_X4Y63        DSP_OUTPUT                                   r  radon_kria_acc_i/radon_kria_ip_0/inst/radon_kria_ip_v1_0_S00_AXI_inst/radon_inst/sampler_inst/y_fp1__0/DSP_OUTPUT_INST/ALU_OUT[44]
  -------------------------------------------------------------------    -------------------

                         (clock clk_pl_0 rise edge)
                                                     10.000    10.000 r  
    PS8_X0Y0             PS8                          0.000    10.000 r  radon_kria_acc_i/zynq_ultra_ps_e_0/inst/PS8_i/PLCLK[0]
                         net (fo=1, routed)           0.181    10.181    radon_kria_acc_i/zynq_ultra_ps_e_0/inst/pl_clk_unbuffered[0]
    BUFG_PS_X0Y80        BUFG_PS (Prop_BUFG_PS_I_O)
                                                      0.035    10.216 r  radon_kria_acc_i/zynq_ultra_ps_e_0/inst/buffer_pl_clk_0.PL_CLK_0_BUFG/O
    X0Y1 (CLOCK_ROOT)    net (fo=1897, routed)        1.972    12.188    radon_kria_acc_i/radon_kria_ip_0/inst/radon_kria_ip_v1_0_S00_AXI_inst/radon_inst/sampler_inst/y_fp1__0/CLK
    DSP48E2_X4Y63        DSP_OUTPUT                                   r  radon_kria_acc_i/radon_kria_ip_0/inst/radon_kria_ip_v1_0_S00_AXI_inst/radon_inst/sampler_inst/y_fp1__0/DSP_OUTPUT_INST/CLK
                         clock pessimism              0.176    12.364    
                         clock uncertainty           -0.160    12.204    
    DSP48E2_X4Y63        DSP_OUTPUT (Setup_DSP_OUTPUT_DSP48E2_CLK_ALU_OUT[44])
                                                      0.014    12.218    radon_kria_acc_i/radon_kria_ip_0/inst/radon_kria_ip_v1_0_S00_AXI_inst/radon_inst/sampler_inst/y_fp1__0/DSP_OUTPUT_INST
  -------------------------------------------------------------------
                         required time                         12.218    
                         arrival time                          -6.978    
  -------------------------------------------------------------------
                         slack                                  5.240    

Slack (MET) :             5.240ns  (required time - arrival time)
  Source:                 radon_kria_acc_i/radon_kria_ip_0/inst/radon_kria_ip_v1_0_S00_AXI_inst/radon_inst/s_fp_reg[15]/C
                            (rising edge-triggered cell FDPE clocked by clk_pl_0  {rise@0.000ns fall@5.000ns period=10.000ns})
  Destination:            radon_kria_acc_i/radon_kria_ip_0/inst/radon_kria_ip_v1_0_S00_AXI_inst/radon_inst/sampler_inst/y_fp1__0/DSP_OUTPUT_INST/ALU_OUT[45]
                            (rising edge-triggered cell DSP_OUTPUT clocked by clk_pl_0  {rise@0.000ns fall@5.000ns period=10.000ns})
  Path Group:             clk_pl_0
  Path Type:              Setup (Max at Slow Process Corner)
  Requirement:            10.000ns  (clk_pl_0 rise@10.000ns - clk_pl_0 rise@0.000ns)
  Data Path Delay:        4.538ns  (logic 3.048ns (67.163%)  route 1.490ns (32.837%))
  Logic Levels:           8  (DSP_A_B_DATA=1 DSP_ALU=2 DSP_C_DATA=1 DSP_M_DATA=1 DSP_MULTIPLIER=1 DSP_OUTPUT=1 DSP_PREADD_DATA=1)
  Clock Path Skew:        -0.076ns (DCD - SCD + CPR)
    Destination Clock Delay (DCD):    2.188ns = ( 12.188 - 10.000 ) 
    Source Clock Delay      (SCD):    2.440ns
    Clock Pessimism Removal (CPR):    0.176ns
  Clock Uncertainty:      0.160ns  ((TSJ^2 + DJ^2)^1/2) / 2 + PE
    Total System Jitter     (TSJ):    0.071ns
    Discrete Jitter          (DJ):    0.312ns
    Phase Error              (PE):    0.000ns
  Clock Net Delay (Source):      2.173ns (routing 1.045ns, distribution 1.128ns)
  Clock Net Delay (Destination): 1.972ns (routing 0.955ns, distribution 1.017ns)

    Location             Delay type                Incr(ns)  Path(ns)    Netlist Resource(s)
  -------------------------------------------------------------------    -------------------
                         (clock clk_pl_0 rise edge)
                                                      0.000     0.000 r  
    PS8_X0Y0             PS8                          0.000     0.000 r  radon_kria_acc_i/zynq_ultra_ps_e_0/inst/PS8_i/PLCLK[0]
                         net (fo=1, routed)           0.229     0.229    radon_kria_acc_i/zynq_ultra_ps_e_0/inst/pl_clk_unbuffered[0]
    BUFG_PS_X0Y80        BUFG_PS (Prop_BUFG_PS_I_O)
                                                      0.038     0.267 r  radon_kria_acc_i/zynq_ultra_ps_e_0/inst/buffer_pl_clk_0.PL_CLK_0_BUFG/O
    X0Y1 (CLOCK_ROOT)    net (fo=1897, routed)        2.173     2.440    radon_kria_acc_i/radon_kria_ip_0/inst/radon_kria_ip_v1_0_S00_AXI_inst/radon_inst/s00_axi_aclk
    SLICE_X14Y153        FDPE                                         r  radon_kria_acc_i/radon_kria_ip_0/inst/radon_kria_ip_v1_0_S00_AXI_inst/radon_inst/s_fp_reg[15]/C
  -------------------------------------------------------------------    -------------------
    SLICE_X14Y153        FDPE (Prop_HFF2_SLICEL_C_Q)
                                                      0.115     2.555 f  radon_kria_acc_i/radon_kria_ip_0/inst/radon_kria_ip_v1_0_S00_AXI_inst/radon_inst/s_fp_reg[15]/Q
                         net (fo=31, routed)          0.560     3.115    radon_kria_acc_i/radon_kria_ip_0/inst/radon_kria_ip_v1_0_S00_AXI_inst/radon_inst/sampler_inst/y_fp1/A[20]
    DSP48E2_X4Y62        DSP_A_B_DATA (Prop_DSP_A_B_DATA_DSP48E2_A[20]_A2_DATA[20])
                                                      0.258     3.373 r  radon_kria_acc_i/radon_kria_ip_0/inst/radon_kria_ip_v1_0_S00_AXI_inst/radon_inst/sampler_inst/y_fp1/DSP_A_B_DATA_INST/A2_DATA[20]
                         net (fo=1, routed)           0.000     3.373    radon_kria_acc_i/radon_kria_ip_0/inst/radon_kria_ip_v1_0_S00_AXI_inst/radon_inst/sampler_inst/y_fp1/DSP_A_B_DATA.A2_DATA<20>
    DSP48E2_X4Y62        DSP_PREADD_DATA (Prop_DSP_PREADD_DATA_DSP48E2_A2_DATA[20]_A2A1[20])
                                                      0.114     3.487 r  radon_kria_acc_i/radon_kria_ip_0/inst/radon_kria_ip_v1_0_S00_AXI_inst/radon_inst/sampler_inst/y_fp1/DSP_PREADD_DATA_INST/A2A1[20]
                         net (fo=1, routed)           0.000     3.487    radon_kria_acc_i/radon_kria_ip_0/inst/radon_kria_ip_v1_0_S00_AXI_inst/radon_inst/sampler_inst/y_fp1/DSP_PREADD_DATA.A2A1<20>
    DSP48E2_X4Y62        DSP_MULTIPLIER (Prop_DSP_MULTIPLIER_DSP48E2_A2A1[20]_U[29])
                                                      0.700     4.187 f  radon_kria_acc_i/radon_kria_ip_0/inst/radon_kria_ip_v1_0_S00_AXI_inst/radon_inst/sampler_inst/y_fp1/DSP_MULTIPLIER_INST/U[29]
                         net (fo=1, routed)           0.000     4.187    radon_kria_acc_i/radon_kria_ip_0/inst/radon_kria_ip_v1_0_S00_AXI_inst/radon_inst/sampler_inst/y_fp1/DSP_MULTIPLIER.U<29>
    DSP48E2_X4Y62        DSP_M_DATA (Prop_DSP_M_DATA_DSP48E2_U[29]_U_DATA[29])
                                                      0.067     4.254 r  radon_kria_acc_i/radon_kria_ip_0/inst/radon_kria_ip_v1_0_S00_AXI_inst/radon_inst/sampler_inst/y_fp1/DSP_M_DATA_INST/U_DATA[29]
                         net (fo=1, routed)           0.000     4.254    radon_kria_acc_i/radon_kria_ip_0/inst/radon_kria_ip_v1_0_S00_AXI_inst/radon_inst/sampler_inst/y_fp1/DSP_M_DATA.U_DATA<29>
    DSP48E2_X4Y62        DSP_ALU (Prop_DSP_ALU_DSP48E2_U_DATA[29]_ALU_OUT[29])
                                                      0.727     4.981 f  radon_kria_acc_i/radon_kria_ip_0/inst/radon_kria_ip_v1_0_S00_AXI_inst/radon_inst/sampler_inst/y_fp1/DSP_ALU_INST/ALU_OUT[29]
                         net (fo=1, routed)           0.000     4.981    radon_kria_acc_i/radon_kria_ip_0/inst/radon_kria_ip_v1_0_S00_AXI_inst/radon_inst/sampler_inst/y_fp1/DSP_ALU.ALU_OUT<29>
    DSP48E2_X4Y62        DSP_OUTPUT (Prop_DSP_OUTPUT_DSP48E2_ALU_OUT[29]_P[29])
                                                      0.146     5.127 r  radon_kria_acc_i/radon_kria_ip_0/inst/radon_kria_ip_v1_0_S00_AXI_inst/radon_inst/sampler_inst/y_fp1/DSP_OUTPUT_INST/P[29]
                         net (fo=19, routed)          0.930     6.057    radon_kria_acc_i/radon_kria_ip_0/inst/radon_kria_ip_v1_0_S00_AXI_inst/radon_inst/sampler_inst/y_fp1__0/C[40]
    DSP48E2_X4Y63        DSP_C_DATA (Prop_DSP_C_DATA_DSP48E2_C[40]_C_DATA[40])
                                                      0.135     6.192 r  radon_kria_acc_i/radon_kria_ip_0/inst/radon_kria_ip_v1_0_S00_AXI_inst/radon_inst/sampler_inst/y_fp1__0/DSP_C_DATA_INST/C_DATA[40]
                         net (fo=2, routed)           0.000     6.192    radon_kria_acc_i/radon_kria_ip_0/inst/radon_kria_ip_v1_0_S00_AXI_inst/radon_inst/sampler_inst/y_fp1__0/DSP_C_DATA.C_DATA<40>
    DSP48E2_X4Y63        DSP_ALU (Prop_DSP_ALU_DSP48E2_C_DATA[40]_ALU_OUT[45])
                                                      0.786     6.978 r  radon_kria_acc_i/radon_kria_ip_0/inst/radon_kria_ip_v1_0_S00_AXI_inst/radon_inst/sampler_inst/y_fp1__0/DSP_ALU_INST/ALU_OUT[45]
                         net (fo=1, routed)           0.000     6.978    radon_kria_acc_i/radon_kria_ip_0/inst/radon_kria_ip_v1_0_S00_AXI_inst/radon_inst/sampler_inst/y_fp1__0/DSP_ALU.ALU_OUT<45>
    DSP48E2_X4Y63        DSP_OUTPUT                                   r  radon_kria_acc_i/radon_kria_ip_0/inst/radon_kria_ip_v1_0_S00_AXI_inst/radon_inst/sampler_inst/y_fp1__0/DSP_OUTPUT_INST/ALU_OUT[45]
  -------------------------------------------------------------------    -------------------

                         (clock clk_pl_0 rise edge)
                                                     10.000    10.000 r  
    PS8_X0Y0             PS8                          0.000    10.000 r  radon_kria_acc_i/zynq_ultra_ps_e_0/inst/PS8_i/PLCLK[0]
                         net (fo=1, routed)           0.181    10.181    radon_kria_acc_i/zynq_ultra_ps_e_0/inst/pl_clk_unbuffered[0]
    BUFG_PS_X0Y80        BUFG_PS (Prop_BUFG_PS_I_O)
                                                      0.035    10.216 r  radon_kria_acc_i/zynq_ultra_ps_e_0/inst/buffer_pl_clk_0.PL_CLK_0_BUFG/O
    X0Y1 (CLOCK_ROOT)    net (fo=1897, routed)        1.972    12.188    radon_kria_acc_i/radon_kria_ip_0/inst/radon_kria_ip_v1_0_S00_AXI_inst/radon_inst/sampler_inst/y_fp1__0/CLK
    DSP48E2_X4Y63        DSP_OUTPUT                                   r  radon_kria_acc_i/radon_kria_ip_0/inst/radon_kria_ip_v1_0_S00_AXI_inst/radon_inst/sampler_inst/y_fp1__0/DSP_OUTPUT_INST/CLK
                         clock pessimism              0.176    12.364    
                         clock uncertainty           -0.160    12.204    
    DSP48E2_X4Y63        DSP_OUTPUT (Setup_DSP_OUTPUT_DSP48E2_CLK_ALU_OUT[45])
                                                      0.014    12.218    radon_kria_acc_i/radon_kria_ip_0/inst/radon_kria_ip_v1_0_S00_AXI_inst/radon_inst/sampler_inst/y_fp1__0/DSP_OUTPUT_INST
  -------------------------------------------------------------------
                         required time                         12.218    
                         arrival time                          -6.978    
  -------------------------------------------------------------------
                         slack                                  5.240    

Slack (MET) :             5.240ns  (required time - arrival time)
  Source:                 radon_kria_acc_i/radon_kria_ip_0/inst/radon_kria_ip_v1_0_S00_AXI_inst/radon_inst/s_fp_reg[15]/C
                            (rising edge-triggered cell FDPE clocked by clk_pl_0  {rise@0.000ns fall@5.000ns period=10.000ns})
  Destination:            radon_kria_acc_i/radon_kria_ip_0/inst/radon_kria_ip_v1_0_S00_AXI_inst/radon_inst/sampler_inst/y_fp1__0/DSP_OUTPUT_INST/ALU_OUT[46]
                            (rising edge-triggered cell DSP_OUTPUT clocked by clk_pl_0  {rise@0.000ns fall@5.000ns period=10.000ns})
  Path Group:             clk_pl_0
  Path Type:              Setup (Max at Slow Process Corner)
  Requirement:            10.000ns  (clk_pl_0 rise@10.000ns - clk_pl_0 rise@0.000ns)
  Data Path Delay:        4.538ns  (logic 3.048ns (67.163%)  route 1.490ns (32.837%))
  Logic Levels:           8  (DSP_A_B_DATA=1 DSP_ALU=2 DSP_C_DATA=1 DSP_M_DATA=1 DSP_MULTIPLIER=1 DSP_OUTPUT=1 DSP_PREADD_DATA=1)
  Clock Path Skew:        -0.076ns (DCD - SCD + CPR)
    Destination Clock Delay (DCD):    2.188ns = ( 12.188 - 10.000 ) 
    Source Clock Delay      (SCD):    2.440ns
    Clock Pessimism Removal (CPR):    0.176ns
  Clock Uncertainty:      0.160ns  ((TSJ^2 + DJ^2)^1/2) / 2 + PE
    Total System Jitter     (TSJ):    0.071ns
    Discrete Jitter          (DJ):    0.312ns
    Phase Error              (PE):    0.000ns
  Clock Net Delay (Source):      2.173ns (routing 1.045ns, distribution 1.128ns)
  Clock Net Delay (Destination): 1.972ns (routing 0.955ns, distribution 1.017ns)

    Location             Delay type                Incr(ns)  Path(ns)    Netlist Resource(s)
  -------------------------------------------------------------------    -------------------
                         (clock clk_pl_0 rise edge)
                                                      0.000     0.000 r  
    PS8_X0Y0             PS8                          0.000     0.000 r  radon_kria_acc_i/zynq_ultra_ps_e_0/inst/PS8_i/PLCLK[0]
                         net (fo=1, routed)           0.229     0.229    radon_kria_acc_i/zynq_ultra_ps_e_0/inst/pl_clk_unbuffered[0]
    BUFG_PS_X0Y80        BUFG_PS (Prop_BUFG_PS_I_O)
                                                      0.038     0.267 r  radon_kria_acc_i/zynq_ultra_ps_e_0/inst/buffer_pl_clk_0.PL_CLK_0_BUFG/O
    X0Y1 (CLOCK_ROOT)    net (fo=1897, routed)        2.173     2.440    radon_kria_acc_i/radon_kria_ip_0/inst/radon_kria_ip_v1_0_S00_AXI_inst/radon_inst/s00_axi_aclk
    SLICE_X14Y153        FDPE                                         r  radon_kria_acc_i/radon_kria_ip_0/inst/radon_kria_ip_v1_0_S00_AXI_inst/radon_inst/s_fp_reg[15]/C
  -------------------------------------------------------------------    -------------------
    SLICE_X14Y153        FDPE (Prop_HFF2_SLICEL_C_Q)
                                                      0.115     2.555 f  radon_kria_acc_i/radon_kria_ip_0/inst/radon_kria_ip_v1_0_S00_AXI_inst/radon_inst/s_fp_reg[15]/Q
                         net (fo=31, routed)          0.560     3.115    radon_kria_acc_i/radon_kria_ip_0/inst/radon_kria_ip_v1_0_S00_AXI_inst/radon_inst/sampler_inst/y_fp1/A[20]
    DSP48E2_X4Y62        DSP_A_B_DATA (Prop_DSP_A_B_DATA_DSP48E2_A[20]_A2_DATA[20])
                                                      0.258     3.373 r  radon_kria_acc_i/radon_kria_ip_0/inst/radon_kria_ip_v1_0_S00_AXI_inst/radon_inst/sampler_inst/y_fp1/DSP_A_B_DATA_INST/A2_DATA[20]
                         net (fo=1, routed)           0.000     3.373    radon_kria_acc_i/radon_kria_ip_0/inst/radon_kria_ip_v1_0_S00_AXI_inst/radon_inst/sampler_inst/y_fp1/DSP_A_B_DATA.A2_DATA<20>
    DSP48E2_X4Y62        DSP_PREADD_DATA (Prop_DSP_PREADD_DATA_DSP48E2_A2_DATA[20]_A2A1[20])
                                                      0.114     3.487 r  radon_kria_acc_i/radon_kria_ip_0/inst/radon_kria_ip_v1_0_S00_AXI_inst/radon_inst/sampler_inst/y_fp1/DSP_PREADD_DATA_INST/A2A1[20]
                         net (fo=1, routed)           0.000     3.487    radon_kria_acc_i/radon_kria_ip_0/inst/radon_kria_ip_v1_0_S00_AXI_inst/radon_inst/sampler_inst/y_fp1/DSP_PREADD_DATA.A2A1<20>
    DSP48E2_X4Y62        DSP_MULTIPLIER (Prop_DSP_MULTIPLIER_DSP48E2_A2A1[20]_U[29])
                                                      0.700     4.187 f  radon_kria_acc_i/radon_kria_ip_0/inst/radon_kria_ip_v1_0_S00_AXI_inst/radon_inst/sampler_inst/y_fp1/DSP_MULTIPLIER_INST/U[29]
                         net (fo=1, routed)           0.000     4.187    radon_kria_acc_i/radon_kria_ip_0/inst/radon_kria_ip_v1_0_S00_AXI_inst/radon_inst/sampler_inst/y_fp1/DSP_MULTIPLIER.U<29>
    DSP48E2_X4Y62        DSP_M_DATA (Prop_DSP_M_DATA_DSP48E2_U[29]_U_DATA[29])
                                                      0.067     4.254 r  radon_kria_acc_i/radon_kria_ip_0/inst/radon_kria_ip_v1_0_S00_AXI_inst/radon_inst/sampler_inst/y_fp1/DSP_M_DATA_INST/U_DATA[29]
                         net (fo=1, routed)           0.000     4.254    radon_kria_acc_i/radon_kria_ip_0/inst/radon_kria_ip_v1_0_S00_AXI_inst/radon_inst/sampler_inst/y_fp1/DSP_M_DATA.U_DATA<29>
    DSP48E2_X4Y62        DSP_ALU (Prop_DSP_ALU_DSP48E2_U_DATA[29]_ALU_OUT[29])
                                                      0.727     4.981 f  radon_kria_acc_i/radon_kria_ip_0/inst/radon_kria_ip_v1_0_S00_AXI_inst/radon_inst/sampler_inst/y_fp1/DSP_ALU_INST/ALU_OUT[29]
                         net (fo=1, routed)           0.000     4.981    radon_kria_acc_i/radon_kria_ip_0/inst/radon_kria_ip_v1_0_S00_AXI_inst/radon_inst/sampler_inst/y_fp1/DSP_ALU.ALU_OUT<29>
    DSP48E2_X4Y62        DSP_OUTPUT (Prop_DSP_OUTPUT_DSP48E2_ALU_OUT[29]_P[29])
                                                      0.146     5.127 r  radon_kria_acc_i/radon_kria_ip_0/inst/radon_kria_ip_v1_0_S00_AXI_inst/radon_inst/sampler_inst/y_fp1/DSP_OUTPUT_INST/P[29]
                         net (fo=19, routed)          0.930     6.057    radon_kria_acc_i/radon_kria_ip_0/inst/radon_kria_ip_v1_0_S00_AXI_inst/radon_inst/sampler_inst/y_fp1__0/C[40]
    DSP48E2_X4Y63        DSP_C_DATA (Prop_DSP_C_DATA_DSP48E2_C[40]_C_DATA[40])
                                                      0.135     6.192 r  radon_kria_acc_i/radon_kria_ip_0/inst/radon_kria_ip_v1_0_S00_AXI_inst/radon_inst/sampler_inst/y_fp1__0/DSP_C_DATA_INST/C_DATA[40]
                         net (fo=2, routed)           0.000     6.192    radon_kria_acc_i/radon_kria_ip_0/inst/radon_kria_ip_v1_0_S00_AXI_inst/radon_inst/sampler_inst/y_fp1__0/DSP_C_DATA.C_DATA<40>
    DSP48E2_X4Y63        DSP_ALU (Prop_DSP_ALU_DSP48E2_C_DATA[40]_ALU_OUT[46])
                                                      0.786     6.978 r  radon_kria_acc_i/radon_kria_ip_0/inst/radon_kria_ip_v1_0_S00_AXI_inst/radon_inst/sampler_inst/y_fp1__0/DSP_ALU_INST/ALU_OUT[46]
                         net (fo=1, routed)           0.000     6.978    radon_kria_acc_i/radon_kria_ip_0/inst/radon_kria_ip_v1_0_S00_AXI_inst/radon_inst/sampler_inst/y_fp1__0/DSP_ALU.ALU_OUT<46>
    DSP48E2_X4Y63        DSP_OUTPUT                                   r  radon_kria_acc_i/radon_kria_ip_0/inst/radon_kria_ip_v1_0_S00_AXI_inst/radon_inst/sampler_inst/y_fp1__0/DSP_OUTPUT_INST/ALU_OUT[46]
  -------------------------------------------------------------------    -------------------

                         (clock clk_pl_0 rise edge)
                                                     10.000    10.000 r  
    PS8_X0Y0             PS8                          0.000    10.000 r  radon_kria_acc_i/zynq_ultra_ps_e_0/inst/PS8_i/PLCLK[0]
                         net (fo=1, routed)           0.181    10.181    radon_kria_acc_i/zynq_ultra_ps_e_0/inst/pl_clk_unbuffered[0]
    BUFG_PS_X0Y80        BUFG_PS (Prop_BUFG_PS_I_O)
                                                      0.035    10.216 r  radon_kria_acc_i/zynq_ultra_ps_e_0/inst/buffer_pl_clk_0.PL_CLK_0_BUFG/O
    X0Y1 (CLOCK_ROOT)    net (fo=1897, routed)        1.972    12.188    radon_kria_acc_i/radon_kria_ip_0/inst/radon_kria_ip_v1_0_S00_AXI_inst/radon_inst/sampler_inst/y_fp1__0/CLK
    DSP48E2_X4Y63        DSP_OUTPUT                                   r  radon_kria_acc_i/radon_kria_ip_0/inst/radon_kria_ip_v1_0_S00_AXI_inst/radon_inst/sampler_inst/y_fp1__0/DSP_OUTPUT_INST/CLK
                         clock pessimism              0.176    12.364    
                         clock uncertainty           -0.160    12.204    
    DSP48E2_X4Y63        DSP_OUTPUT (Setup_DSP_OUTPUT_DSP48E2_CLK_ALU_OUT[46])
                                                      0.014    12.218    radon_kria_acc_i/radon_kria_ip_0/inst/radon_kria_ip_v1_0_S00_AXI_inst/radon_inst/sampler_inst/y_fp1__0/DSP_OUTPUT_INST
  -------------------------------------------------------------------
                         required time                         12.218    
                         arrival time                          -6.978    
  -------------------------------------------------------------------
                         slack                                  5.240    

Slack (MET) :             5.240ns  (required time - arrival time)
  Source:                 radon_kria_acc_i/radon_kria_ip_0/inst/radon_kria_ip_v1_0_S00_AXI_inst/radon_inst/s_fp_reg[15]/C
                            (rising edge-triggered cell FDPE clocked by clk_pl_0  {rise@0.000ns fall@5.000ns period=10.000ns})
  Destination:            radon_kria_acc_i/radon_kria_ip_0/inst/radon_kria_ip_v1_0_S00_AXI_inst/radon_inst/sampler_inst/y_fp1__0/DSP_OUTPUT_INST/ALU_OUT[47]
                            (rising edge-triggered cell DSP_OUTPUT clocked by clk_pl_0  {rise@0.000ns fall@5.000ns period=10.000ns})
  Path Group:             clk_pl_0
  Path Type:              Setup (Max at Slow Process Corner)
  Requirement:            10.000ns  (clk_pl_0 rise@10.000ns - clk_pl_0 rise@0.000ns)
  Data Path Delay:        4.538ns  (logic 3.048ns (67.163%)  route 1.490ns (32.837%))
  Logic Levels:           8  (DSP_A_B_DATA=1 DSP_ALU=2 DSP_C_DATA=1 DSP_M_DATA=1 DSP_MULTIPLIER=1 DSP_OUTPUT=1 DSP_PREADD_DATA=1)
  Clock Path Skew:        -0.076ns (DCD - SCD + CPR)
    Destination Clock Delay (DCD):    2.188ns = ( 12.188 - 10.000 ) 
    Source Clock Delay      (SCD):    2.440ns
    Clock Pessimism Removal (CPR):    0.176ns
  Clock Uncertainty:      0.160ns  ((TSJ^2 + DJ^2)^1/2) / 2 + PE
    Total System Jitter     (TSJ):    0.071ns
    Discrete Jitter          (DJ):    0.312ns
    Phase Error              (PE):    0.000ns
  Clock Net Delay (Source):      2.173ns (routing 1.045ns, distribution 1.128ns)
  Clock Net Delay (Destination): 1.972ns (routing 0.955ns, distribution 1.017ns)

    Location             Delay type                Incr(ns)  Path(ns)    Netlist Resource(s)
  -------------------------------------------------------------------    -------------------
                         (clock clk_pl_0 rise edge)
                                                      0.000     0.000 r  
    PS8_X0Y0             PS8                          0.000     0.000 r  radon_kria_acc_i/zynq_ultra_ps_e_0/inst/PS8_i/PLCLK[0]
                         net (fo=1, routed)           0.229     0.229    radon_kria_acc_i/zynq_ultra_ps_e_0/inst/pl_clk_unbuffered[0]
    BUFG_PS_X0Y80        BUFG_PS (Prop_BUFG_PS_I_O)
                                                      0.038     0.267 r  radon_kria_acc_i/zynq_ultra_ps_e_0/inst/buffer_pl_clk_0.PL_CLK_0_BUFG/O
    X0Y1 (CLOCK_ROOT)    net (fo=1897, routed)        2.173     2.440    radon_kria_acc_i/radon_kria_ip_0/inst/radon_kria_ip_v1_0_S00_AXI_inst/radon_inst/s00_axi_aclk
    SLICE_X14Y153        FDPE                                         r  radon_kria_acc_i/radon_kria_ip_0/inst/radon_kria_ip_v1_0_S00_AXI_inst/radon_inst/s_fp_reg[15]/C
  -------------------------------------------------------------------    -------------------
    SLICE_X14Y153        FDPE (Prop_HFF2_SLICEL_C_Q)
                                                      0.115     2.555 f  radon_kria_acc_i/radon_kria_ip_0/inst/radon_kria_ip_v1_0_S00_AXI_inst/radon_inst/s_fp_reg[15]/Q
                         net (fo=31, routed)          0.560     3.115    radon_kria_acc_i/radon_kria_ip_0/inst/radon_kria_ip_v1_0_S00_AXI_inst/radon_inst/sampler_inst/y_fp1/A[20]
    DSP48E2_X4Y62        DSP_A_B_DATA (Prop_DSP_A_B_DATA_DSP48E2_A[20]_A2_DATA[20])
                                                      0.258     3.373 r  radon_kria_acc_i/radon_kria_ip_0/inst/radon_kria_ip_v1_0_S00_AXI_inst/radon_inst/sampler_inst/y_fp1/DSP_A_B_DATA_INST/A2_DATA[20]
                         net (fo=1, routed)           0.000     3.373    radon_kria_acc_i/radon_kria_ip_0/inst/radon_kria_ip_v1_0_S00_AXI_inst/radon_inst/sampler_inst/y_fp1/DSP_A_B_DATA.A2_DATA<20>
    DSP48E2_X4Y62        DSP_PREADD_DATA (Prop_DSP_PREADD_DATA_DSP48E2_A2_DATA[20]_A2A1[20])
                                                      0.114     3.487 r  radon_kria_acc_i/radon_kria_ip_0/inst/radon_kria_ip_v1_0_S00_AXI_inst/radon_inst/sampler_inst/y_fp1/DSP_PREADD_DATA_INST/A2A1[20]
                         net (fo=1, routed)           0.000     3.487    radon_kria_acc_i/radon_kria_ip_0/inst/radon_kria_ip_v1_0_S00_AXI_inst/radon_inst/sampler_inst/y_fp1/DSP_PREADD_DATA.A2A1<20>
    DSP48E2_X4Y62        DSP_MULTIPLIER (Prop_DSP_MULTIPLIER_DSP48E2_A2A1[20]_U[29])
                                                      0.700     4.187 f  radon_kria_acc_i/radon_kria_ip_0/inst/radon_kria_ip_v1_0_S00_AXI_inst/radon_inst/sampler_inst/y_fp1/DSP_MULTIPLIER_INST/U[29]
                         net (fo=1, routed)           0.000     4.187    radon_kria_acc_i/radon_kria_ip_0/inst/radon_kria_ip_v1_0_S00_AXI_inst/radon_inst/sampler_inst/y_fp1/DSP_MULTIPLIER.U<29>
    DSP48E2_X4Y62        DSP_M_DATA (Prop_DSP_M_DATA_DSP48E2_U[29]_U_DATA[29])
                                                      0.067     4.254 r  radon_kria_acc_i/radon_kria_ip_0/inst/radon_kria_ip_v1_0_S00_AXI_inst/radon_inst/sampler_inst/y_fp1/DSP_M_DATA_INST/U_DATA[29]
                         net (fo=1, routed)           0.000     4.254    radon_kria_acc_i/radon_kria_ip_0/inst/radon_kria_ip_v1_0_S00_AXI_inst/radon_inst/sampler_inst/y_fp1/DSP_M_DATA.U_DATA<29>
    DSP48E2_X4Y62        DSP_ALU (Prop_DSP_ALU_DSP48E2_U_DATA[29]_ALU_OUT[29])
                                                      0.727     4.981 f  radon_kria_acc_i/radon_kria_ip_0/inst/radon_kria_ip_v1_0_S00_AXI_inst/radon_inst/sampler_inst/y_fp1/DSP_ALU_INST/ALU_OUT[29]
                         net (fo=1, routed)           0.000     4.981    radon_kria_acc_i/radon_kria_ip_0/inst/radon_kria_ip_v1_0_S00_AXI_inst/radon_inst/sampler_inst/y_fp1/DSP_ALU.ALU_OUT<29>
    DSP48E2_X4Y62        DSP_OUTPUT (Prop_DSP_OUTPUT_DSP48E2_ALU_OUT[29]_P[29])
                                                      0.146     5.127 r  radon_kria_acc_i/radon_kria_ip_0/inst/radon_kria_ip_v1_0_S00_AXI_inst/radon_inst/sampler_inst/y_fp1/DSP_OUTPUT_INST/P[29]
                         net (fo=19, routed)          0.930     6.057    radon_kria_acc_i/radon_kria_ip_0/inst/radon_kria_ip_v1_0_S00_AXI_inst/radon_inst/sampler_inst/y_fp1__0/C[40]
    DSP48E2_X4Y63        DSP_C_DATA (Prop_DSP_C_DATA_DSP48E2_C[40]_C_DATA[40])
                                                      0.135     6.192 r  radon_kria_acc_i/radon_kria_ip_0/inst/radon_kria_ip_v1_0_S00_AXI_inst/radon_inst/sampler_inst/y_fp1__0/DSP_C_DATA_INST/C_DATA[40]
                         net (fo=2, routed)           0.000     6.192    radon_kria_acc_i/radon_kria_ip_0/inst/radon_kria_ip_v1_0_S00_AXI_inst/radon_inst/sampler_inst/y_fp1__0/DSP_C_DATA.C_DATA<40>
    DSP48E2_X4Y63        DSP_ALU (Prop_DSP_ALU_DSP48E2_C_DATA[40]_ALU_OUT[47])
                                                      0.786     6.978 r  radon_kria_acc_i/radon_kria_ip_0/inst/radon_kria_ip_v1_0_S00_AXI_inst/radon_inst/sampler_inst/y_fp1__0/DSP_ALU_INST/ALU_OUT[47]
                         net (fo=1, routed)           0.000     6.978    radon_kria_acc_i/radon_kria_ip_0/inst/radon_kria_ip_v1_0_S00_AXI_inst/radon_inst/sampler_inst/y_fp1__0/DSP_ALU.ALU_OUT<47>
    DSP48E2_X4Y63        DSP_OUTPUT                                   r  radon_kria_acc_i/radon_kria_ip_0/inst/radon_kria_ip_v1_0_S00_AXI_inst/radon_inst/sampler_inst/y_fp1__0/DSP_OUTPUT_INST/ALU_OUT[47]
  -------------------------------------------------------------------    -------------------

                         (clock clk_pl_0 rise edge)
                                                     10.000    10.000 r  
    PS8_X0Y0             PS8                          0.000    10.000 r  radon_kria_acc_i/zynq_ultra_ps_e_0/inst/PS8_i/PLCLK[0]
                         net (fo=1, routed)           0.181    10.181    radon_kria_acc_i/zynq_ultra_ps_e_0/inst/pl_clk_unbuffered[0]
    BUFG_PS_X0Y80        BUFG_PS (Prop_BUFG_PS_I_O)
                                                      0.035    10.216 r  radon_kria_acc_i/zynq_ultra_ps_e_0/inst/buffer_pl_clk_0.PL_CLK_0_BUFG/O
    X0Y1 (CLOCK_ROOT)    net (fo=1897, routed)        1.972    12.188    radon_kria_acc_i/radon_kria_ip_0/inst/radon_kria_ip_v1_0_S00_AXI_inst/radon_inst/sampler_inst/y_fp1__0/CLK
    DSP48E2_X4Y63        DSP_OUTPUT                                   r  radon_kria_acc_i/radon_kria_ip_0/inst/radon_kria_ip_v1_0_S00_AXI_inst/radon_inst/sampler_inst/y_fp1__0/DSP_OUTPUT_INST/CLK
                         clock pessimism              0.176    12.364    
                         clock uncertainty           -0.160    12.204    
    DSP48E2_X4Y63        DSP_OUTPUT (Setup_DSP_OUTPUT_DSP48E2_CLK_ALU_OUT[47])
                                                      0.014    12.218    radon_kria_acc_i/radon_kria_ip_0/inst/radon_kria_ip_v1_0_S00_AXI_inst/radon_inst/sampler_inst/y_fp1__0/DSP_OUTPUT_INST
  -------------------------------------------------------------------
                         required time                         12.218    
                         arrival time                          -6.978    
  -------------------------------------------------------------------
                         slack                                  5.240    

Slack (MET) :             5.277ns  (required time - arrival time)
  Source:                 radon_kria_acc_i/radon_kria_ip_0/inst/radon_kria_ip_v1_0_S00_AXI_inst/radon_inst/phantom_inst/mem_reg_bram_0/CLKARDCLK
                            (rising edge-triggered cell RAMB36E2 clocked by clk_pl_0  {rise@0.000ns fall@5.000ns period=10.000ns})
  Destination:            radon_kria_acc_i/radon_kria_ip_0/inst/radon_kria_ip_v1_0_S00_AXI_inst/radon_inst/sampler_inst/acc_sum_reg[5]/D
                            (rising edge-triggered cell FDCE clocked by clk_pl_0  {rise@0.000ns fall@5.000ns period=10.000ns})
  Path Group:             clk_pl_0
  Path Type:              Setup (Max at Slow Process Corner)
  Requirement:            10.000ns  (clk_pl_0 rise@10.000ns - clk_pl_0 rise@0.000ns)
  Data Path Delay:        4.387ns  (logic 3.007ns (68.543%)  route 1.380ns (31.457%))
  Logic Levels:           6  (CARRY8=1 LUT2=2 RAMB36E2=3)
  Clock Path Skew:        -0.219ns (DCD - SCD + CPR)
    Destination Clock Delay (DCD):    2.301ns = ( 12.301 - 10.000 ) 
    Source Clock Delay      (SCD):    2.661ns
    Clock Pessimism Removal (CPR):    0.141ns
  Clock Uncertainty:      0.160ns  ((TSJ^2 + DJ^2)^1/2) / 2 + PE
    Total System Jitter     (TSJ):    0.071ns
    Discrete Jitter          (DJ):    0.312ns
    Phase Error              (PE):    0.000ns
  Clock Net Delay (Source):      2.394ns (routing 1.045ns, distribution 1.349ns)
  Clock Net Delay (Destination): 2.085ns (routing 0.955ns, distribution 1.130ns)

    Location             Delay type                Incr(ns)  Path(ns)    Netlist Resource(s)
  -------------------------------------------------------------------    -------------------
                         (clock clk_pl_0 rise edge)
                                                      0.000     0.000 r  
    PS8_X0Y0             PS8                          0.000     0.000 r  radon_kria_acc_i/zynq_ultra_ps_e_0/inst/PS8_i/PLCLK[0]
                         net (fo=1, routed)           0.229     0.229    radon_kria_acc_i/zynq_ultra_ps_e_0/inst/pl_clk_unbuffered[0]
    BUFG_PS_X0Y80        BUFG_PS (Prop_BUFG_PS_I_O)
                                                      0.038     0.267 r  radon_kria_acc_i/zynq_ultra_ps_e_0/inst/buffer_pl_clk_0.PL_CLK_0_BUFG/O
    X0Y1 (CLOCK_ROOT)    net (fo=1897, routed)        2.394     2.661    radon_kria_acc_i/radon_kria_ip_0/inst/radon_kria_ip_v1_0_S00_AXI_inst/radon_inst/phantom_inst/s00_axi_aclk
    RAMB36_X0Y20         RAMB36E2                                     r  radon_kria_acc_i/radon_kria_ip_0/inst/radon_kria_ip_v1_0_S00_AXI_inst/radon_inst/phantom_inst/mem_reg_bram_0/CLKARDCLK
  -------------------------------------------------------------------    -------------------
    RAMB36_X0Y20         RAMB36E2 (Prop_RAMB36E2_RAMB36_CLKARDCLK_CASDOUTA[0])
                                                      1.684     4.345 r  radon_kria_acc_i/radon_kria_ip_0/inst/radon_kria_ip_v1_0_S00_AXI_inst/radon_inst/phantom_inst/mem_reg_bram_0/CASDOUTA[0]
                         net (fo=1, routed)           0.032     4.377    radon_kria_acc_i/radon_kria_ip_0/inst/radon_kria_ip_v1_0_S00_AXI_inst/radon_inst/phantom_inst/mem_reg_bram_0_n_35
    RAMB36_X0Y21         RAMB36E2 (Prop_RAMB36E2_RAMB36_CASDINA[0]_CASDOUTA[0])
                                                      0.247     4.624 r  radon_kria_acc_i/radon_kria_ip_0/inst/radon_kria_ip_v1_0_S00_AXI_inst/radon_inst/phantom_inst/mem_reg_bram_1/CASDOUTA[0]
                         net (fo=1, routed)           0.032     4.656    radon_kria_acc_i/radon_kria_ip_0/inst/radon_kria_ip_v1_0_S00_AXI_inst/radon_inst/phantom_inst/mem_reg_bram_1_n_35
    RAMB36_X0Y22         RAMB36E2 (Prop_RAMB36E2_RAMB36_CASDINA[0]_CASDOUTA[0])
                                                      0.247     4.903 r  radon_kria_acc_i/radon_kria_ip_0/inst/radon_kria_ip_v1_0_S00_AXI_inst/radon_inst/phantom_inst/mem_reg_bram_2/CASDOUTA[0]
                         net (fo=1, routed)           0.032     4.935    radon_kria_acc_i/radon_kria_ip_0/inst/radon_kria_ip_v1_0_S00_AXI_inst/radon_inst/phantom_inst/mem_reg_bram_2_n_35
    RAMB36_X0Y23         RAMB36E2 (Prop_RAMB36E2_RAMB36_CASDINA[0]_DOUTADOUT[0])
                                                      0.136     5.071 r  radon_kria_acc_i/radon_kria_ip_0/inst/radon_kria_ip_v1_0_S00_AXI_inst/radon_inst/phantom_inst/mem_reg_bram_3/DOUTADOUT[0]
                         net (fo=1, routed)           0.879     5.950    radon_kria_acc_i/radon_kria_ip_0/inst/radon_kria_ip_v1_0_S00_AXI_inst/radon_inst/sampler_inst/DOUTADOUT[0]
    SLICE_X27Y151        LUT2 (Prop_A6LUT_SLICEL_I1_O)
                                                      0.225     6.175 r  radon_kria_acc_i/radon_kria_ip_0/inst/radon_kria_ip_v1_0_S00_AXI_inst/radon_inst/sampler_inst/acc_sum[7]_i_10/O
                         net (fo=1, routed)           0.014     6.189    radon_kria_acc_i/radon_kria_ip_0/inst/radon_kria_ip_v1_0_S00_AXI_inst/radon_inst/sampler_inst/acc_sum[7]_i_10_n_0
    SLICE_X27Y151        CARRY8 (Prop_CARRY8_SLICEL_S[0]_O[5])
                                                      0.331     6.520 r  radon_kria_acc_i/radon_kria_ip_0/inst/radon_kria_ip_v1_0_S00_AXI_inst/radon_inst/sampler_inst/acc_sum_reg[7]_i_2/O[5]
                         net (fo=1, routed)           0.310     6.830    radon_kria_acc_i/radon_kria_ip_0/inst/radon_kria_ip_v1_0_S00_AXI_inst/radon_inst/sampler_inst/acc_sum_reg[7]_i_2_n_10
    SLICE_X28Y151        LUT2 (Prop_B6LUT_SLICEM_I1_O)
                                                      0.137     6.967 r  radon_kria_acc_i/radon_kria_ip_0/inst/radon_kria_ip_v1_0_S00_AXI_inst/radon_inst/sampler_inst/acc_sum[5]_i_1/O
                         net (fo=1, routed)           0.081     7.048    radon_kria_acc_i/radon_kria_ip_0/inst/radon_kria_ip_v1_0_S00_AXI_inst/radon_inst/sampler_inst/acc_sum[5]
    SLICE_X28Y151        FDCE                                         r  radon_kria_acc_i/radon_kria_ip_0/inst/radon_kria_ip_v1_0_S00_AXI_inst/radon_inst/sampler_inst/acc_sum_reg[5]/D
  -------------------------------------------------------------------    -------------------

                         (clock clk_pl_0 rise edge)
                                                     10.000    10.000 r  
    PS8_X0Y0             PS8                          0.000    10.000 r  radon_kria_acc_i/zynq_ultra_ps_e_0/inst/PS8_i/PLCLK[0]
                         net (fo=1, routed)           0.181    10.181    radon_kria_acc_i/zynq_ultra_ps_e_0/inst/pl_clk_unbuffered[0]
    BUFG_PS_X0Y80        BUFG_PS (Prop_BUFG_PS_I_O)
                                                      0.035    10.216 r  radon_kria_acc_i/zynq_ultra_ps_e_0/inst/buffer_pl_clk_0.PL_CLK_0_BUFG/O
    X0Y1 (CLOCK_ROOT)    net (fo=1897, routed)        2.085    12.301    radon_kria_acc_i/radon_kria_ip_0/inst/radon_kria_ip_v1_0_S00_AXI_inst/radon_inst/sampler_inst/s00_axi_aclk
    SLICE_X28Y151        FDCE                                         r  radon_kria_acc_i/radon_kria_ip_0/inst/radon_kria_ip_v1_0_S00_AXI_inst/radon_inst/sampler_inst/acc_sum_reg[5]/C
                         clock pessimism              0.141    12.442    
                         clock uncertainty           -0.160    12.282    
    SLICE_X28Y151        FDCE (Setup_BFF_SLICEM_C_D)
                                                      0.043    12.325    radon_kria_acc_i/radon_kria_ip_0/inst/radon_kria_ip_v1_0_S00_AXI_inst/radon_inst/sampler_inst/acc_sum_reg[5]
  -------------------------------------------------------------------
                         required time                         12.325    
                         arrival time                          -7.048    
  -------------------------------------------------------------------
                         slack                                  5.277    





Min Delay Paths
--------------------------------------------------------------------------------------
Slack (MET) :             0.029ns  (arrival time - required time)
  Source:                 radon_kria_acc_i/axi_interconnect_0/s00_couplers/auto_ds/inst/gen_downsizer.gen_simple_downsizer.axi_downsizer_inst/USE_WRITE.write_addr_inst/S_AXI_ASIZE_Q_reg[0]/C
                            (rising edge-triggered cell FDRE clocked by clk_pl_0  {rise@0.000ns fall@5.000ns period=10.000ns})
  Destination:            radon_kria_acc_i/axi_interconnect_0/s00_couplers/auto_ds/inst/gen_downsizer.gen_simple_downsizer.axi_downsizer_inst/USE_WRITE.write_addr_inst/cmd_queue/inst/fifo_gen_inst/inst_fifo_gen/gconvfifo.rf/grf.rf/gntv_or_sync_fifo.mem/gdm.dm_gen.dm/RAM_reg_0_31_0_13/RAMA/I
                            (rising edge-triggered cell RAMD32 clocked by clk_pl_0  {rise@0.000ns fall@5.000ns period=10.000ns})
  Path Group:             clk_pl_0
  Path Type:              Hold (Min at Slow Process Corner)
  Requirement:            0.000ns  (clk_pl_0 rise@0.000ns - clk_pl_0 rise@0.000ns)
  Data Path Delay:        0.239ns  (logic 0.112ns (46.795%)  route 0.127ns (53.205%))
  Logic Levels:           0  
  Clock Path Skew:        0.109ns (DCD - SCD - CPR)
    Destination Clock Delay (DCD):    2.446ns
    Source Clock Delay      (SCD):    2.105ns
    Clock Pessimism Removal (CPR):    0.232ns
  Clock Net Delay (Source):      1.889ns (routing 0.955ns, distribution 0.934ns)
  Clock Net Delay (Destination): 2.179ns (routing 1.045ns, distribution 1.134ns)

    Location             Delay type                Incr(ns)  Path(ns)    Netlist Resource(s)
  -------------------------------------------------------------------    -------------------
                         (clock clk_pl_0 rise edge)
                                                      0.000     0.000 r  
    PS8_X0Y0             PS8                          0.000     0.000 r  radon_kria_acc_i/zynq_ultra_ps_e_0/inst/PS8_i/PLCLK[0]
                         net (fo=1, routed)           0.181     0.181    radon_kria_acc_i/zynq_ultra_ps_e_0/inst/pl_clk_unbuffered[0]
    BUFG_PS_X0Y80        BUFG_PS (Prop_BUFG_PS_I_O)
                                                      0.035     0.216 r  radon_kria_acc_i/zynq_ultra_ps_e_0/inst/buffer_pl_clk_0.PL_CLK_0_BUFG/O
    X0Y1 (CLOCK_ROOT)    net (fo=1897, routed)        1.889     2.105    radon_kria_acc_i/axi_interconnect_0/s00_couplers/auto_ds/inst/gen_downsizer.gen_simple_downsizer.axi_downsizer_inst/USE_WRITE.write_addr_inst/CLK
    SLICE_X3Y88          FDRE                                         r  radon_kria_acc_i/axi_interconnect_0/s00_couplers/auto_ds/inst/gen_downsizer.gen_simple_downsizer.axi_downsizer_inst/USE_WRITE.write_addr_inst/S_AXI_ASIZE_Q_reg[0]/C
  -------------------------------------------------------------------    -------------------
    SLICE_X3Y88          FDRE (Prop_HFF_SLICEL_C_Q)
                                                      0.112     2.217 r  radon_kria_acc_i/axi_interconnect_0/s00_couplers/auto_ds/inst/gen_downsizer.gen_simple_downsizer.axi_downsizer_inst/USE_WRITE.write_addr_inst/S_AXI_ASIZE_Q_reg[0]/Q
                         net (fo=2, routed)           0.127     2.344    radon_kria_acc_i/axi_interconnect_0/s00_couplers/auto_ds/inst/gen_downsizer.gen_simple_downsizer.axi_downsizer_inst/USE_WRITE.write_addr_inst/cmd_queue/inst/fifo_gen_inst/inst_fifo_gen/gconvfifo.rf/grf.rf/gntv_or_sync_fifo.mem/gdm.dm_gen.dm/RAM_reg_0_31_0_13/DIA0
    SLICE_X2Y88          RAMD32                                       r  radon_kria_acc_i/axi_interconnect_0/s00_couplers/auto_ds/inst/gen_downsizer.gen_simple_downsizer.axi_downsizer_inst/USE_WRITE.write_addr_inst/cmd_queue/inst/fifo_gen_inst/inst_fifo_gen/gconvfifo.rf/grf.rf/gntv_or_sync_fifo.mem/gdm.dm_gen.dm/RAM_reg_0_31_0_13/RAMA/I
  -------------------------------------------------------------------    -------------------

                         (clock clk_pl_0 rise edge)
                                                      0.000     0.000 r  
    PS8_X0Y0             PS8                          0.000     0.000 r  radon_kria_acc_i/zynq_ultra_ps_e_0/inst/PS8_i/PLCLK[0]
                         net (fo=1, routed)           0.229     0.229    radon_kria_acc_i/zynq_ultra_ps_e_0/inst/pl_clk_unbuffered[0]
    BUFG_PS_X0Y80        BUFG_PS (Prop_BUFG_PS_I_O)
                                                      0.038     0.267 r  radon_kria_acc_i/zynq_ultra_ps_e_0/inst/buffer_pl_clk_0.PL_CLK_0_BUFG/O
    X0Y1 (CLOCK_ROOT)    net (fo=1897, routed)        2.179     2.446    radon_kria_acc_i/axi_interconnect_0/s00_couplers/auto_ds/inst/gen_downsizer.gen_simple_downsizer.axi_downsizer_inst/USE_WRITE.write_addr_inst/cmd_queue/inst/fifo_gen_inst/inst_fifo_gen/gconvfifo.rf/grf.rf/gntv_or_sync_fifo.mem/gdm.dm_gen.dm/RAM_reg_0_31_0_13/WCLK
    SLICE_X2Y88          RAMD32                                       r  radon_kria_acc_i/axi_interconnect_0/s00_couplers/auto_ds/inst/gen_downsizer.gen_simple_downsizer.axi_downsizer_inst/USE_WRITE.write_addr_inst/cmd_queue/inst/fifo_gen_inst/inst_fifo_gen/gconvfifo.rf/grf.rf/gntv_or_sync_fifo.mem/gdm.dm_gen.dm/RAM_reg_0_31_0_13/RAMA/CLK
                         clock pessimism             -0.232     2.214    
    SLICE_X2Y88          RAMD32 (Hold_A5LUT_SLICEM_CLK_I)
                                                      0.101     2.315    radon_kria_acc_i/axi_interconnect_0/s00_couplers/auto_ds/inst/gen_downsizer.gen_simple_downsizer.axi_downsizer_inst/USE_WRITE.write_addr_inst/cmd_queue/inst/fifo_gen_inst/inst_fifo_gen/gconvfifo.rf/grf.rf/gntv_or_sync_fifo.mem/gdm.dm_gen.dm/RAM_reg_0_31_0_13/RAMA
  -------------------------------------------------------------------
                         required time                         -2.315    
                         arrival time                           2.344    
  -------------------------------------------------------------------
                         slack                                  0.029    

Slack (MET) :             0.030ns  (arrival time - required time)
  Source:                 radon_kria_acc_i/axi_interconnect_0/s00_couplers/auto_pc/inst/gen_axilite.gen_b2s_conv.axilite_b2s/SI_REG/r.r_pipe/m_payload_i_reg[28]/C
                            (rising edge-triggered cell FDRE clocked by clk_pl_0  {rise@0.000ns fall@5.000ns period=10.000ns})
  Destination:            radon_kria_acc_i/axi_interconnect_0/s00_couplers/auto_ds/inst/gen_downsizer.gen_simple_downsizer.axi_downsizer_inst/USE_READ.read_data_inst/WORD_LANE[3].S_AXI_RDATA_II_reg[124]/D
                            (rising edge-triggered cell FDRE clocked by clk_pl_0  {rise@0.000ns fall@5.000ns period=10.000ns})
  Path Group:             clk_pl_0
  Path Type:              Hold (Min at Slow Process Corner)
  Requirement:            0.000ns  (clk_pl_0 rise@0.000ns - clk_pl_0 rise@0.000ns)
  Data Path Delay:        0.255ns  (logic 0.114ns (44.721%)  route 0.141ns (55.279%))
  Logic Levels:           0  
  Clock Path Skew:        0.123ns (DCD - SCD - CPR)
    Destination Clock Delay (DCD):    2.392ns
    Source Clock Delay      (SCD):    2.095ns
    Clock Pessimism Removal (CPR):    0.173ns
  Clock Net Delay (Source):      1.879ns (routing 0.955ns, distribution 0.924ns)
  Clock Net Delay (Destination): 2.125ns (routing 1.045ns, distribution 1.080ns)

    Location             Delay type                Incr(ns)  Path(ns)    Netlist Resource(s)
  -------------------------------------------------------------------    -------------------
                         (clock clk_pl_0 rise edge)
                                                      0.000     0.000 r  
    PS8_X0Y0             PS8                          0.000     0.000 r  radon_kria_acc_i/zynq_ultra_ps_e_0/inst/PS8_i/PLCLK[0]
                         net (fo=1, routed)           0.181     0.181    radon_kria_acc_i/zynq_ultra_ps_e_0/inst/pl_clk_unbuffered[0]
    BUFG_PS_X0Y80        BUFG_PS (Prop_BUFG_PS_I_O)
                                                      0.035     0.216 r  radon_kria_acc_i/zynq_ultra_ps_e_0/inst/buffer_pl_clk_0.PL_CLK_0_BUFG/O
    X0Y1 (CLOCK_ROOT)    net (fo=1897, routed)        1.879     2.095    radon_kria_acc_i/axi_interconnect_0/s00_couplers/auto_pc/inst/gen_axilite.gen_b2s_conv.axilite_b2s/SI_REG/r.r_pipe/aclk
    SLICE_X4Y105         FDRE                                         r  radon_kria_acc_i/axi_interconnect_0/s00_couplers/auto_pc/inst/gen_axilite.gen_b2s_conv.axilite_b2s/SI_REG/r.r_pipe/m_payload_i_reg[28]/C
  -------------------------------------------------------------------    -------------------
    SLICE_X4Y105         FDRE (Prop_BFF2_SLICEM_C_Q)
                                                      0.114     2.209 r  radon_kria_acc_i/axi_interconnect_0/s00_couplers/auto_pc/inst/gen_axilite.gen_b2s_conv.axilite_b2s/SI_REG/r.r_pipe/m_payload_i_reg[28]/Q
                         net (fo=8, routed)           0.141     2.350    radon_kria_acc_i/axi_interconnect_0/s00_couplers/auto_ds/inst/gen_downsizer.gen_simple_downsizer.axi_downsizer_inst/USE_READ.read_data_inst/m_axi_rdata[28]
    SLICE_X2Y105         FDRE                                         r  radon_kria_acc_i/axi_interconnect_0/s00_couplers/auto_ds/inst/gen_downsizer.gen_simple_downsizer.axi_downsizer_inst/USE_READ.read_data_inst/WORD_LANE[3].S_AXI_RDATA_II_reg[124]/D
  -------------------------------------------------------------------    -------------------

                         (clock clk_pl_0 rise edge)
                                                      0.000     0.000 r  
    PS8_X0Y0             PS8                          0.000     0.000 r  radon_kria_acc_i/zynq_ultra_ps_e_0/inst/PS8_i/PLCLK[0]
                         net (fo=1, routed)           0.229     0.229    radon_kria_acc_i/zynq_ultra_ps_e_0/inst/pl_clk_unbuffered[0]
    BUFG_PS_X0Y80        BUFG_PS (Prop_BUFG_PS_I_O)
                                                      0.038     0.267 r  radon_kria_acc_i/zynq_ultra_ps_e_0/inst/buffer_pl_clk_0.PL_CLK_0_BUFG/O
    X0Y1 (CLOCK_ROOT)    net (fo=1897, routed)        2.125     2.392    radon_kria_acc_i/axi_interconnect_0/s00_couplers/auto_ds/inst/gen_downsizer.gen_simple_downsizer.axi_downsizer_inst/USE_READ.read_data_inst/CLK
    SLICE_X2Y105         FDRE                                         r  radon_kria_acc_i/axi_interconnect_0/s00_couplers/auto_ds/inst/gen_downsizer.gen_simple_downsizer.axi_downsizer_inst/USE_READ.read_data_inst/WORD_LANE[3].S_AXI_RDATA_II_reg[124]/C
                         clock pessimism             -0.173     2.219    
    SLICE_X2Y105         FDRE (Hold_FFF_SLICEM_C_D)
                                                      0.101     2.320    radon_kria_acc_i/axi_interconnect_0/s00_couplers/auto_ds/inst/gen_downsizer.gen_simple_downsizer.axi_downsizer_inst/USE_READ.read_data_inst/WORD_LANE[3].S_AXI_RDATA_II_reg[124]
  -------------------------------------------------------------------
                         required time                         -2.320    
                         arrival time                           2.350    
  -------------------------------------------------------------------
                         slack                                  0.030    

Slack (MET) :             0.034ns  (arrival time - required time)
  Source:                 radon_kria_acc_i/axi_interconnect_0/s00_couplers/auto_pc/inst/gen_axilite.gen_b2s_conv.axilite_b2s/RD.r_channel_0/r_rlast_r_reg/C
                            (rising edge-triggered cell FDRE clocked by clk_pl_0  {rise@0.000ns fall@5.000ns period=10.000ns})
  Destination:            radon_kria_acc_i/axi_interconnect_0/s00_couplers/auto_pc/inst/gen_axilite.gen_b2s_conv.axilite_b2s/RD.r_channel_0/transaction_fifo_0/memory_reg[31][0]_srl32/D
                            (rising edge-triggered cell SRLC32E clocked by clk_pl_0  {rise@0.000ns fall@5.000ns period=10.000ns})
  Path Group:             clk_pl_0
  Path Type:              Hold (Min at Slow Process Corner)
  Requirement:            0.000ns  (clk_pl_0 rise@0.000ns - clk_pl_0 rise@0.000ns)
  Data Path Delay:        0.266ns  (logic 0.114ns (42.857%)  route 0.152ns (57.143%))
  Logic Levels:           0  
  Clock Path Skew:        0.128ns (DCD - SCD - CPR)
    Destination Clock Delay (DCD):    2.397ns
    Source Clock Delay      (SCD):    2.096ns
    Clock Pessimism Removal (CPR):    0.173ns
  Clock Net Delay (Source):      1.880ns (routing 0.955ns, distribution 0.925ns)
  Clock Net Delay (Destination): 2.130ns (routing 1.045ns, distribution 1.085ns)

    Location             Delay type                Incr(ns)  Path(ns)    Netlist Resource(s)
  -------------------------------------------------------------------    -------------------
                         (clock clk_pl_0 rise edge)
                                                      0.000     0.000 r  
    PS8_X0Y0             PS8                          0.000     0.000 r  radon_kria_acc_i/zynq_ultra_ps_e_0/inst/PS8_i/PLCLK[0]
                         net (fo=1, routed)           0.181     0.181    radon_kria_acc_i/zynq_ultra_ps_e_0/inst/pl_clk_unbuffered[0]
    BUFG_PS_X0Y80        BUFG_PS (Prop_BUFG_PS_I_O)
                                                      0.035     0.216 r  radon_kria_acc_i/zynq_ultra_ps_e_0/inst/buffer_pl_clk_0.PL_CLK_0_BUFG/O
    X0Y1 (CLOCK_ROOT)    net (fo=1897, routed)        1.880     2.096    radon_kria_acc_i/axi_interconnect_0/s00_couplers/auto_pc/inst/gen_axilite.gen_b2s_conv.axilite_b2s/RD.r_channel_0/aclk
    SLICE_X7Y110         FDRE                                         r  radon_kria_acc_i/axi_interconnect_0/s00_couplers/auto_pc/inst/gen_axilite.gen_b2s_conv.axilite_b2s/RD.r_channel_0/r_rlast_r_reg/C
  -------------------------------------------------------------------    -------------------
    SLICE_X7Y110         FDRE (Prop_EFF2_SLICEM_C_Q)
                                                      0.114     2.210 r  radon_kria_acc_i/axi_interconnect_0/s00_couplers/auto_pc/inst/gen_axilite.gen_b2s_conv.axilite_b2s/RD.r_channel_0/r_rlast_r_reg/Q
                         net (fo=1, routed)           0.152     2.362    radon_kria_acc_i/axi_interconnect_0/s00_couplers/auto_pc/inst/gen_axilite.gen_b2s_conv.axilite_b2s/RD.r_channel_0/transaction_fifo_0/trans_in[0]
    SLICE_X5Y109         SRLC32E                                      r  radon_kria_acc_i/axi_interconnect_0/s00_couplers/auto_pc/inst/gen_axilite.gen_b2s_conv.axilite_b2s/RD.r_channel_0/transaction_fifo_0/memory_reg[31][0]_srl32/D
  -------------------------------------------------------------------    -------------------

                         (clock clk_pl_0 rise edge)
                                                      0.000     0.000 r  
    PS8_X0Y0             PS8                          0.000     0.000 r  radon_kria_acc_i/zynq_ultra_ps_e_0/inst/PS8_i/PLCLK[0]
                         net (fo=1, routed)           0.229     0.229    radon_kria_acc_i/zynq_ultra_ps_e_0/inst/pl_clk_unbuffered[0]
    BUFG_PS_X0Y80        BUFG_PS (Prop_BUFG_PS_I_O)
                                                      0.038     0.267 r  radon_kria_acc_i/zynq_ultra_ps_e_0/inst/buffer_pl_clk_0.PL_CLK_0_BUFG/O
    X0Y1 (CLOCK_ROOT)    net (fo=1897, routed)        2.130     2.397    radon_kria_acc_i/axi_interconnect_0/s00_couplers/auto_pc/inst/gen_axilite.gen_b2s_conv.axilite_b2s/RD.r_channel_0/transaction_fifo_0/aclk
    SLICE_X5Y109         SRLC32E                                      r  radon_kria_acc_i/axi_interconnect_0/s00_couplers/auto_pc/inst/gen_axilite.gen_b2s_conv.axilite_b2s/RD.r_channel_0/transaction_fifo_0/memory_reg[31][0]_srl32/CLK
                         clock pessimism             -0.173     2.224    
    SLICE_X5Y109         SRLC32E (Hold_H6LUT_SLICEM_CLK_D)
                                                      0.104     2.328    radon_kria_acc_i/axi_interconnect_0/s00_couplers/auto_pc/inst/gen_axilite.gen_b2s_conv.axilite_b2s/RD.r_channel_0/transaction_fifo_0/memory_reg[31][0]_srl32
  -------------------------------------------------------------------
                         required time                         -2.328    
                         arrival time                           2.362    
  -------------------------------------------------------------------
                         slack                                  0.034    

Slack (MET) :             0.036ns  (arrival time - required time)
  Source:                 radon_kria_acc_i/axi_interconnect_0/s00_couplers/auto_ds/inst/gen_downsizer.gen_simple_downsizer.axi_downsizer_inst/USE_WRITE.write_addr_inst/cmd_queue/inst/fifo_gen_inst/inst_fifo_gen/gconvfifo.rf/grf.rf/rstblk/ngwrdrst.grst.g7serrst.gnsckt_wrst.rst_wr_reg2_inst/arststages_ff_reg[1]/C
                            (rising edge-triggered cell FDPE clocked by clk_pl_0  {rise@0.000ns fall@5.000ns period=10.000ns})
  Destination:            radon_kria_acc_i/axi_interconnect_0/s00_couplers/auto_ds/inst/gen_downsizer.gen_simple_downsizer.axi_downsizer_inst/USE_WRITE.write_addr_inst/cmd_queue/inst/fifo_gen_inst/inst_fifo_gen/gconvfifo.rf/grf.rf/rstblk/ngwrdrst.grst.g7serrst.gnsckt_wrst.gcc_rst.sckt_wr_rst_cc_reg[0]/D
                            (rising edge-triggered cell FDRE clocked by clk_pl_0  {rise@0.000ns fall@5.000ns period=10.000ns})
  Path Group:             clk_pl_0
  Path Type:              Hold (Min at Slow Process Corner)
  Requirement:            0.000ns  (clk_pl_0 rise@0.000ns - clk_pl_0 rise@0.000ns)
  Data Path Delay:        0.249ns  (logic 0.114ns (45.780%)  route 0.135ns (54.220%))
  Logic Levels:           0  
  Clock Path Skew:        0.111ns (DCD - SCD - CPR)
    Destination Clock Delay (DCD):    2.358ns
    Source Clock Delay      (SCD):    2.074ns
    Clock Pessimism Removal (CPR):    0.173ns
  Clock Net Delay (Source):      1.858ns (routing 0.955ns, distribution 0.903ns)
  Clock Net Delay (Destination): 2.091ns (routing 1.045ns, distribution 1.046ns)

    Location             Delay type                Incr(ns)  Path(ns)    Netlist Resource(s)
  -------------------------------------------------------------------    -------------------
                         (clock clk_pl_0 rise edge)
                                                      0.000     0.000 r  
    PS8_X0Y0             PS8                          0.000     0.000 r  radon_kria_acc_i/zynq_ultra_ps_e_0/inst/PS8_i/PLCLK[0]
                         net (fo=1, routed)           0.181     0.181    radon_kria_acc_i/zynq_ultra_ps_e_0/inst/pl_clk_unbuffered[0]
    BUFG_PS_X0Y80        BUFG_PS (Prop_BUFG_PS_I_O)
                                                      0.035     0.216 r  radon_kria_acc_i/zynq_ultra_ps_e_0/inst/buffer_pl_clk_0.PL_CLK_0_BUFG/O
    X0Y1 (CLOCK_ROOT)    net (fo=1897, routed)        1.858     2.074    radon_kria_acc_i/axi_interconnect_0/s00_couplers/auto_ds/inst/gen_downsizer.gen_simple_downsizer.axi_downsizer_inst/USE_WRITE.write_addr_inst/cmd_queue/inst/fifo_gen_inst/inst_fifo_gen/gconvfifo.rf/grf.rf/rstblk/ngwrdrst.grst.g7serrst.gnsckt_wrst.rst_wr_reg2_inst/dest_clk
    SLICE_X4Y90          FDPE                                         r  radon_kria_acc_i/axi_interconnect_0/s00_couplers/auto_ds/inst/gen_downsizer.gen_simple_downsizer.axi_downsizer_inst/USE_WRITE.write_addr_inst/cmd_queue/inst/fifo_gen_inst/inst_fifo_gen/gconvfifo.rf/grf.rf/rstblk/ngwrdrst.grst.g7serrst.gnsckt_wrst.rst_wr_reg2_inst/arststages_ff_reg[1]/C
  -------------------------------------------------------------------    -------------------
    SLICE_X4Y90          FDPE (Prop_AFF2_SLICEM_C_Q)
                                                      0.114     2.188 r  radon_kria_acc_i/axi_interconnect_0/s00_couplers/auto_ds/inst/gen_downsizer.gen_simple_downsizer.axi_downsizer_inst/USE_WRITE.write_addr_inst/cmd_queue/inst/fifo_gen_inst/inst_fifo_gen/gconvfifo.rf/grf.rf/rstblk/ngwrdrst.grst.g7serrst.gnsckt_wrst.rst_wr_reg2_inst/arststages_ff_reg[1]/Q
                         net (fo=3, routed)           0.135     2.323    radon_kria_acc_i/axi_interconnect_0/s00_couplers/auto_ds/inst/gen_downsizer.gen_simple_downsizer.axi_downsizer_inst/USE_WRITE.write_addr_inst/cmd_queue/inst/fifo_gen_inst/inst_fifo_gen/gconvfifo.rf/grf.rf/rstblk/ngwrdrst.rst_wr_reg2
    SLICE_X4Y88          FDRE                                         r  radon_kria_acc_i/axi_interconnect_0/s00_couplers/auto_ds/inst/gen_downsizer.gen_simple_downsizer.axi_downsizer_inst/USE_WRITE.write_addr_inst/cmd_queue/inst/fifo_gen_inst/inst_fifo_gen/gconvfifo.rf/grf.rf/rstblk/ngwrdrst.grst.g7serrst.gnsckt_wrst.gcc_rst.sckt_wr_rst_cc_reg[0]/D
  -------------------------------------------------------------------    -------------------

                         (clock clk_pl_0 rise edge)
                                                      0.000     0.000 r  
    PS8_X0Y0             PS8                          0.000     0.000 r  radon_kria_acc_i/zynq_ultra_ps_e_0/inst/PS8_i/PLCLK[0]
                         net (fo=1, routed)           0.229     0.229    radon_kria_acc_i/zynq_ultra_ps_e_0/inst/pl_clk_unbuffered[0]
    BUFG_PS_X0Y80        BUFG_PS (Prop_BUFG_PS_I_O)
                                                      0.038     0.267 r  radon_kria_acc_i/zynq_ultra_ps_e_0/inst/buffer_pl_clk_0.PL_CLK_0_BUFG/O
    X0Y1 (CLOCK_ROOT)    net (fo=1897, routed)        2.091     2.358    radon_kria_acc_i/axi_interconnect_0/s00_couplers/auto_ds/inst/gen_downsizer.gen_simple_downsizer.axi_downsizer_inst/USE_WRITE.write_addr_inst/cmd_queue/inst/fifo_gen_inst/inst_fifo_gen/gconvfifo.rf/grf.rf/rstblk/clk
    SLICE_X4Y88          FDRE                                         r  radon_kria_acc_i/axi_interconnect_0/s00_couplers/auto_ds/inst/gen_downsizer.gen_simple_downsizer.axi_downsizer_inst/USE_WRITE.write_addr_inst/cmd_queue/inst/fifo_gen_inst/inst_fifo_gen/gconvfifo.rf/grf.rf/rstblk/ngwrdrst.grst.g7serrst.gnsckt_wrst.gcc_rst.sckt_wr_rst_cc_reg[0]/C
                         clock pessimism             -0.173     2.185    
    SLICE_X4Y88          FDRE (Hold_GFF2_SLICEM_C_D)
                                                      0.102     2.287    radon_kria_acc_i/axi_interconnect_0/s00_couplers/auto_ds/inst/gen_downsizer.gen_simple_downsizer.axi_downsizer_inst/USE_WRITE.write_addr_inst/cmd_queue/inst/fifo_gen_inst/inst_fifo_gen/gconvfifo.rf/grf.rf/rstblk/ngwrdrst.grst.g7serrst.gnsckt_wrst.gcc_rst.sckt_wr_rst_cc_reg[0]
  -------------------------------------------------------------------
                         required time                         -2.287    
                         arrival time                           2.323    
  -------------------------------------------------------------------
                         slack                                  0.036    

Slack (MET) :             0.038ns  (arrival time - required time)
  Source:                 radon_kria_acc_i/axi_interconnect_0/s00_couplers/auto_pc/inst/gen_axilite.gen_b2s_conv.axilite_b2s/SI_REG/r.r_pipe/m_payload_i_reg[13]/C
                            (rising edge-triggered cell FDRE clocked by clk_pl_0  {rise@0.000ns fall@5.000ns period=10.000ns})
  Destination:            radon_kria_acc_i/axi_interconnect_0/s00_couplers/auto_ds/inst/gen_downsizer.gen_simple_downsizer.axi_downsizer_inst/USE_READ.read_data_inst/WORD_LANE[3].S_AXI_RDATA_II_reg[109]/D
                            (rising edge-triggered cell FDRE clocked by clk_pl_0  {rise@0.000ns fall@5.000ns period=10.000ns})
  Path Group:             clk_pl_0
  Path Type:              Hold (Min at Slow Process Corner)
  Requirement:            0.000ns  (clk_pl_0 rise@0.000ns - clk_pl_0 rise@0.000ns)
  Data Path Delay:        0.256ns  (logic 0.112ns (43.756%)  route 0.144ns (56.244%))
  Logic Levels:           0  
  Clock Path Skew:        0.117ns (DCD - SCD - CPR)
    Destination Clock Delay (DCD):    2.380ns
    Source Clock Delay      (SCD):    2.089ns
    Clock Pessimism Removal (CPR):    0.173ns
  Clock Net Delay (Source):      1.873ns (routing 0.955ns, distribution 0.918ns)
  Clock Net Delay (Destination): 2.113ns (routing 1.045ns, distribution 1.068ns)

    Location             Delay type                Incr(ns)  Path(ns)    Netlist Resource(s)
  -------------------------------------------------------------------    -------------------
                         (clock clk_pl_0 rise edge)
                                                      0.000     0.000 r  
    PS8_X0Y0             PS8                          0.000     0.000 r  radon_kria_acc_i/zynq_ultra_ps_e_0/inst/PS8_i/PLCLK[0]
                         net (fo=1, routed)           0.181     0.181    radon_kria_acc_i/zynq_ultra_ps_e_0/inst/pl_clk_unbuffered[0]
    BUFG_PS_X0Y80        BUFG_PS (Prop_BUFG_PS_I_O)
                                                      0.035     0.216 r  radon_kria_acc_i/zynq_ultra_ps_e_0/inst/buffer_pl_clk_0.PL_CLK_0_BUFG/O
    X0Y1 (CLOCK_ROOT)    net (fo=1897, routed)        1.873     2.089    radon_kria_acc_i/axi_interconnect_0/s00_couplers/auto_pc/inst/gen_axilite.gen_b2s_conv.axilite_b2s/SI_REG/r.r_pipe/aclk
    SLICE_X4Y98          FDRE                                         r  radon_kria_acc_i/axi_interconnect_0/s00_couplers/auto_pc/inst/gen_axilite.gen_b2s_conv.axilite_b2s/SI_REG/r.r_pipe/m_payload_i_reg[13]/C
  -------------------------------------------------------------------    -------------------
    SLICE_X4Y98          FDRE (Prop_CFF_SLICEM_C_Q)
                                                      0.112     2.201 r  radon_kria_acc_i/axi_interconnect_0/s00_couplers/auto_pc/inst/gen_axilite.gen_b2s_conv.axilite_b2s/SI_REG/r.r_pipe/m_payload_i_reg[13]/Q
                         net (fo=8, routed)           0.144     2.345    radon_kria_acc_i/axi_interconnect_0/s00_couplers/auto_ds/inst/gen_downsizer.gen_simple_downsizer.axi_downsizer_inst/USE_READ.read_data_inst/m_axi_rdata[13]
    SLICE_X3Y98          FDRE                                         r  radon_kria_acc_i/axi_interconnect_0/s00_couplers/auto_ds/inst/gen_downsizer.gen_simple_downsizer.axi_downsizer_inst/USE_READ.read_data_inst/WORD_LANE[3].S_AXI_RDATA_II_reg[109]/D
  -------------------------------------------------------------------    -------------------

                         (clock clk_pl_0 rise edge)
                                                      0.000     0.000 r  
    PS8_X0Y0             PS8                          0.000     0.000 r  radon_kria_acc_i/zynq_ultra_ps_e_0/inst/PS8_i/PLCLK[0]
                         net (fo=1, routed)           0.229     0.229    radon_kria_acc_i/zynq_ultra_ps_e_0/inst/pl_clk_unbuffered[0]
    BUFG_PS_X0Y80        BUFG_PS (Prop_BUFG_PS_I_O)
                                                      0.038     0.267 r  radon_kria_acc_i/zynq_ultra_ps_e_0/inst/buffer_pl_clk_0.PL_CLK_0_BUFG/O
    X0Y1 (CLOCK_ROOT)    net (fo=1897, routed)        2.113     2.380    radon_kria_acc_i/axi_interconnect_0/s00_couplers/auto_ds/inst/gen_downsizer.gen_simple_downsizer.axi_downsizer_inst/USE_READ.read_data_inst/CLK
    SLICE_X3Y98          FDRE                                         r  radon_kria_acc_i/axi_interconnect_0/s00_couplers/auto_ds/inst/gen_downsizer.gen_simple_downsizer.axi_downsizer_inst/USE_READ.read_data_inst/WORD_LANE[3].S_AXI_RDATA_II_reg[109]/C
                         clock pessimism             -0.173     2.206    
    SLICE_X3Y98          FDRE (Hold_AFF_SLICEL_C_D)
                                                      0.101     2.307    radon_kria_acc_i/axi_interconnect_0/s00_couplers/auto_ds/inst/gen_downsizer.gen_simple_downsizer.axi_downsizer_inst/USE_READ.read_data_inst/WORD_LANE[3].S_AXI_RDATA_II_reg[109]
  -------------------------------------------------------------------
                         required time                         -2.307    
                         arrival time                           2.345    
  -------------------------------------------------------------------
                         slack                                  0.038    

Slack (MET) :             0.045ns  (arrival time - required time)
  Source:                 radon_kria_acc_i/axi_interconnect_0/xbar/inst/gen_sasd.crossbar_sasd_0/reg_slice_r/m_payload_i_reg[24]/C
                            (rising edge-triggered cell FDRE clocked by clk_pl_0  {rise@0.000ns fall@5.000ns period=10.000ns})
  Destination:            radon_kria_acc_i/axi_interconnect_0/s00_couplers/auto_pc/inst/gen_axilite.gen_b2s_conv.axilite_b2s/RD.r_channel_0/rd_data_fifo_0/memory_reg[31][21]_srl32/D
                            (rising edge-triggered cell SRLC32E clocked by clk_pl_0  {rise@0.000ns fall@5.000ns period=10.000ns})
  Path Group:             clk_pl_0
  Path Type:              Hold (Min at Fast Process Corner)
  Requirement:            0.000ns  (clk_pl_0 rise@0.000ns - clk_pl_0 rise@0.000ns)
  Data Path Delay:        0.141ns  (logic 0.082ns (58.156%)  route 0.059ns (41.844%))
  Logic Levels:           0  
  Clock Path Skew:        0.057ns (DCD - SCD - CPR)
    Destination Clock Delay (DCD):    1.472ns
    Source Clock Delay      (SCD):    1.288ns
    Clock Pessimism Removal (CPR):    0.128ns
  Clock Net Delay (Source):      1.137ns (routing 0.572ns, distribution 0.565ns)
  Clock Net Delay (Destination): 1.285ns (routing 0.623ns, distribution 0.662ns)

    Location             Delay type                Incr(ns)  Path(ns)    Netlist Resource(s)
  -------------------------------------------------------------------    -------------------
                         (clock clk_pl_0 rise edge)
                                                      0.000     0.000 r  
    PS8_X0Y0             PS8                          0.000     0.000 r  radon_kria_acc_i/zynq_ultra_ps_e_0/inst/PS8_i/PLCLK[0]
                         net (fo=1, routed)           0.129     0.129    radon_kria_acc_i/zynq_ultra_ps_e_0/inst/pl_clk_unbuffered[0]
    BUFG_PS_X0Y80        BUFG_PS (Prop_BUFG_PS_I_O)
                                                      0.022     0.151 r  radon_kria_acc_i/zynq_ultra_ps_e_0/inst/buffer_pl_clk_0.PL_CLK_0_BUFG/O
    X0Y1 (CLOCK_ROOT)    net (fo=1897, routed)        1.137     1.288    radon_kria_acc_i/axi_interconnect_0/xbar/inst/gen_sasd.crossbar_sasd_0/reg_slice_r/aclk
    SLICE_X7Y107         FDRE                                         r  radon_kria_acc_i/axi_interconnect_0/xbar/inst/gen_sasd.crossbar_sasd_0/reg_slice_r/m_payload_i_reg[24]/C
  -------------------------------------------------------------------    -------------------
    SLICE_X7Y107         FDRE (Prop_FFF_SLICEM_C_Q)
                                                      0.082     1.370 r  radon_kria_acc_i/axi_interconnect_0/xbar/inst/gen_sasd.crossbar_sasd_0/reg_slice_r/m_payload_i_reg[24]/Q
                         net (fo=1, routed)           0.059     1.429    radon_kria_acc_i/axi_interconnect_0/s00_couplers/auto_pc/inst/gen_axilite.gen_b2s_conv.axilite_b2s/RD.r_channel_0/rd_data_fifo_0/in[21]
    SLICE_X7Y106         SRLC32E                                      r  radon_kria_acc_i/axi_interconnect_0/s00_couplers/auto_pc/inst/gen_axilite.gen_b2s_conv.axilite_b2s/RD.r_channel_0/rd_data_fifo_0/memory_reg[31][21]_srl32/D
  -------------------------------------------------------------------    -------------------

                         (clock clk_pl_0 rise edge)
                                                      0.000     0.000 r  
    PS8_X0Y0             PS8                          0.000     0.000 r  radon_kria_acc_i/zynq_ultra_ps_e_0/inst/PS8_i/PLCLK[0]
                         net (fo=1, routed)           0.164     0.164    radon_kria_acc_i/zynq_ultra_ps_e_0/inst/pl_clk_unbuffered[0]
    BUFG_PS_X0Y80        BUFG_PS (Prop_BUFG_PS_I_O)
                                                      0.023     0.187 r  radon_kria_acc_i/zynq_ultra_ps_e_0/inst/buffer_pl_clk_0.PL_CLK_0_BUFG/O
    X0Y1 (CLOCK_ROOT)    net (fo=1897, routed)        1.285     1.472    radon_kria_acc_i/axi_interconnect_0/s00_couplers/auto_pc/inst/gen_axilite.gen_b2s_conv.axilite_b2s/RD.r_channel_0/rd_data_fifo_0/aclk
    SLICE_X7Y106         SRLC32E                                      r  radon_kria_acc_i/axi_interconnect_0/s00_couplers/auto_pc/inst/gen_axilite.gen_b2s_conv.axilite_b2s/RD.r_channel_0/rd_data_fifo_0/memory_reg[31][21]_srl32/CLK
                         clock pessimism             -0.128     1.344    
    SLICE_X7Y106         SRLC32E (Hold_F6LUT_SLICEM_CLK_D)
                                                      0.039     1.383    radon_kria_acc_i/axi_interconnect_0/s00_couplers/auto_pc/inst/gen_axilite.gen_b2s_conv.axilite_b2s/RD.r_channel_0/rd_data_fifo_0/memory_reg[31][21]_srl32
  -------------------------------------------------------------------
                         required time                         -1.383    
                         arrival time                           1.429    
  -------------------------------------------------------------------
                         slack                                  0.045    

Slack (MET) :             0.046ns  (arrival time - required time)
  Source:                 radon_kria_acc_i/axi_interconnect_0/xbar/inst/gen_sasd.crossbar_sasd_0/reg_slice_r/m_payload_i_reg[3]/C
                            (rising edge-triggered cell FDRE clocked by clk_pl_0  {rise@0.000ns fall@5.000ns period=10.000ns})
  Destination:            radon_kria_acc_i/axi_interconnect_0/s00_couplers/auto_pc/inst/gen_axilite.gen_b2s_conv.axilite_b2s/RD.r_channel_0/rd_data_fifo_0/memory_reg[31][0]_srl32/D
                            (rising edge-triggered cell SRLC32E clocked by clk_pl_0  {rise@0.000ns fall@5.000ns period=10.000ns})
  Path Group:             clk_pl_0
  Path Type:              Hold (Min at Fast Process Corner)
  Requirement:            0.000ns  (clk_pl_0 rise@0.000ns - clk_pl_0 rise@0.000ns)
  Data Path Delay:        0.161ns  (logic 0.083ns (51.553%)  route 0.078ns (48.447%))
  Logic Levels:           0  
  Clock Path Skew:        0.058ns (DCD - SCD - CPR)
    Destination Clock Delay (DCD):    1.471ns
    Source Clock Delay      (SCD):    1.286ns
    Clock Pessimism Removal (CPR):    0.128ns
  Clock Net Delay (Source):      1.135ns (routing 0.572ns, distribution 0.563ns)
  Clock Net Delay (Destination): 1.284ns (routing 0.623ns, distribution 0.661ns)

    Location             Delay type                Incr(ns)  Path(ns)    Netlist Resource(s)
  -------------------------------------------------------------------    -------------------
                         (clock clk_pl_0 rise edge)
                                                      0.000     0.000 r  
    PS8_X0Y0             PS8                          0.000     0.000 r  radon_kria_acc_i/zynq_ultra_ps_e_0/inst/PS8_i/PLCLK[0]
                         net (fo=1, routed)           0.129     0.129    radon_kria_acc_i/zynq_ultra_ps_e_0/inst/pl_clk_unbuffered[0]
    BUFG_PS_X0Y80        BUFG_PS (Prop_BUFG_PS_I_O)
                                                      0.022     0.151 r  radon_kria_acc_i/zynq_ultra_ps_e_0/inst/buffer_pl_clk_0.PL_CLK_0_BUFG/O
    X0Y1 (CLOCK_ROOT)    net (fo=1897, routed)        1.135     1.286    radon_kria_acc_i/axi_interconnect_0/xbar/inst/gen_sasd.crossbar_sasd_0/reg_slice_r/aclk
    SLICE_X7Y103         FDRE                                         r  radon_kria_acc_i/axi_interconnect_0/xbar/inst/gen_sasd.crossbar_sasd_0/reg_slice_r/m_payload_i_reg[3]/C
  -------------------------------------------------------------------    -------------------
    SLICE_X7Y103         FDRE (Prop_GFF_SLICEM_C_Q)
                                                      0.083     1.369 r  radon_kria_acc_i/axi_interconnect_0/xbar/inst/gen_sasd.crossbar_sasd_0/reg_slice_r/m_payload_i_reg[3]/Q
                         net (fo=1, routed)           0.078     1.447    radon_kria_acc_i/axi_interconnect_0/s00_couplers/auto_pc/inst/gen_axilite.gen_b2s_conv.axilite_b2s/RD.r_channel_0/rd_data_fifo_0/in[0]
    SLICE_X7Y103         SRLC32E                                      r  radon_kria_acc_i/axi_interconnect_0/s00_couplers/auto_pc/inst/gen_axilite.gen_b2s_conv.axilite_b2s/RD.r_channel_0/rd_data_fifo_0/memory_reg[31][0]_srl32/D
  -------------------------------------------------------------------    -------------------

                         (clock clk_pl_0 rise edge)
                                                      0.000     0.000 r  
    PS8_X0Y0             PS8                          0.000     0.000 r  radon_kria_acc_i/zynq_ultra_ps_e_0/inst/PS8_i/PLCLK[0]
                         net (fo=1, routed)           0.164     0.164    radon_kria_acc_i/zynq_ultra_ps_e_0/inst/pl_clk_unbuffered[0]
    BUFG_PS_X0Y80        BUFG_PS (Prop_BUFG_PS_I_O)
                                                      0.023     0.187 r  radon_kria_acc_i/zynq_ultra_ps_e_0/inst/buffer_pl_clk_0.PL_CLK_0_BUFG/O
    X0Y1 (CLOCK_ROOT)    net (fo=1897, routed)        1.284     1.471    radon_kria_acc_i/axi_interconnect_0/s00_couplers/auto_pc/inst/gen_axilite.gen_b2s_conv.axilite_b2s/RD.r_channel_0/rd_data_fifo_0/aclk
    SLICE_X7Y103         SRLC32E                                      r  radon_kria_acc_i/axi_interconnect_0/s00_couplers/auto_pc/inst/gen_axilite.gen_b2s_conv.axilite_b2s/RD.r_channel_0/rd_data_fifo_0/memory_reg[31][0]_srl32/CLK
                         clock pessimism             -0.128     1.343    
    SLICE_X7Y103         SRLC32E (Hold_H6LUT_SLICEM_CLK_D)
                                                      0.057     1.400    radon_kria_acc_i/axi_interconnect_0/s00_couplers/auto_pc/inst/gen_axilite.gen_b2s_conv.axilite_b2s/RD.r_channel_0/rd_data_fifo_0/memory_reg[31][0]_srl32
  -------------------------------------------------------------------
                         required time                         -1.400    
                         arrival time                           1.447    
  -------------------------------------------------------------------
                         slack                                  0.046    

Slack (MET) :             0.047ns  (arrival time - required time)
  Source:                 radon_kria_acc_i/radon_kria_ip_0/inst/radon_kria_ip_v1_0_S00_AXI_inst/radon_inst/sampler_inst/xi_clamped_reg[5]/C
                            (rising edge-triggered cell FDRE clocked by clk_pl_0  {rise@0.000ns fall@5.000ns period=10.000ns})
  Destination:            radon_kria_acc_i/radon_kria_ip_0/inst/radon_kria_ip_v1_0_S00_AXI_inst/radon_inst/sampler_inst/pixel_addr_reg[5]/D
                            (rising edge-triggered cell FDCE clocked by clk_pl_0  {rise@0.000ns fall@5.000ns period=10.000ns})
  Path Group:             clk_pl_0
  Path Type:              Hold (Min at Slow Process Corner)
  Requirement:            0.000ns  (clk_pl_0 rise@0.000ns - clk_pl_0 rise@0.000ns)
  Data Path Delay:        0.204ns  (logic 0.115ns (56.373%)  route 0.089ns (43.627%))
  Logic Levels:           0  
  Clock Path Skew:        0.054ns (DCD - SCD - CPR)
    Destination Clock Delay (DCD):    2.471ns
    Source Clock Delay      (SCD):    2.178ns
    Clock Pessimism Removal (CPR):    0.239ns
  Clock Net Delay (Source):      1.962ns (routing 0.955ns, distribution 1.007ns)
  Clock Net Delay (Destination): 2.204ns (routing 1.045ns, distribution 1.159ns)

    Location             Delay type                Incr(ns)  Path(ns)    Netlist Resource(s)
  -------------------------------------------------------------------    -------------------
                         (clock clk_pl_0 rise edge)
                                                      0.000     0.000 r  
    PS8_X0Y0             PS8                          0.000     0.000 r  radon_kria_acc_i/zynq_ultra_ps_e_0/inst/PS8_i/PLCLK[0]
                         net (fo=1, routed)           0.181     0.181    radon_kria_acc_i/zynq_ultra_ps_e_0/inst/pl_clk_unbuffered[0]
    BUFG_PS_X0Y80        BUFG_PS (Prop_BUFG_PS_I_O)
                                                      0.035     0.216 r  radon_kria_acc_i/zynq_ultra_ps_e_0/inst/buffer_pl_clk_0.PL_CLK_0_BUFG/O
    X0Y1 (CLOCK_ROOT)    net (fo=1897, routed)        1.962     2.178    radon_kria_acc_i/radon_kria_ip_0/inst/radon_kria_ip_v1_0_S00_AXI_inst/radon_inst/sampler_inst/s00_axi_aclk
    SLICE_X15Y152        FDRE                                         r  radon_kria_acc_i/radon_kria_ip_0/inst/radon_kria_ip_v1_0_S00_AXI_inst/radon_inst/sampler_inst/xi_clamped_reg[5]/C
  -------------------------------------------------------------------    -------------------
    SLICE_X15Y152        FDRE (Prop_DFF2_SLICEL_C_Q)
                                                      0.115     2.293 r  radon_kria_acc_i/radon_kria_ip_0/inst/radon_kria_ip_v1_0_S00_AXI_inst/radon_inst/sampler_inst/xi_clamped_reg[5]/Q
                         net (fo=1, routed)           0.089     2.382    radon_kria_acc_i/radon_kria_ip_0/inst/radon_kria_ip_v1_0_S00_AXI_inst/radon_inst/sampler_inst/xi_clamped[5]
    SLICE_X16Y152        FDCE                                         r  radon_kria_acc_i/radon_kria_ip_0/inst/radon_kria_ip_v1_0_S00_AXI_inst/radon_inst/sampler_inst/pixel_addr_reg[5]/D
  -------------------------------------------------------------------    -------------------

                         (clock clk_pl_0 rise edge)
                                                      0.000     0.000 r  
    PS8_X0Y0             PS8                          0.000     0.000 r  radon_kria_acc_i/zynq_ultra_ps_e_0/inst/PS8_i/PLCLK[0]
                         net (fo=1, routed)           0.229     0.229    radon_kria_acc_i/zynq_ultra_ps_e_0/inst/pl_clk_unbuffered[0]
    BUFG_PS_X0Y80        BUFG_PS (Prop_BUFG_PS_I_O)
                                                      0.038     0.267 r  radon_kria_acc_i/zynq_ultra_ps_e_0/inst/buffer_pl_clk_0.PL_CLK_0_BUFG/O
    X0Y1 (CLOCK_ROOT)    net (fo=1897, routed)        2.204     2.471    radon_kria_acc_i/radon_kria_ip_0/inst/radon_kria_ip_v1_0_S00_AXI_inst/radon_inst/sampler_inst/s00_axi_aclk
    SLICE_X16Y152        FDCE                                         r  radon_kria_acc_i/radon_kria_ip_0/inst/radon_kria_ip_v1_0_S00_AXI_inst/radon_inst/sampler_inst/pixel_addr_reg[5]/C
                         clock pessimism             -0.239     2.232    
    SLICE_X16Y152        FDCE (Hold_FFF2_SLICEL_C_D)
                                                      0.103     2.335    radon_kria_acc_i/radon_kria_ip_0/inst/radon_kria_ip_v1_0_S00_AXI_inst/radon_inst/sampler_inst/pixel_addr_reg[5]
  -------------------------------------------------------------------
                         required time                         -2.335    
                         arrival time                           2.382    
  -------------------------------------------------------------------
                         slack                                  0.047    

Slack (MET) :             0.053ns  (arrival time - required time)
  Source:                 radon_kria_acc_i/axi_interconnect_0/s00_couplers/auto_pc/inst/gen_axilite.gen_b2s_conv.axilite_b2s/SI_REG/r.r_pipe/m_payload_i_reg[21]/C
                            (rising edge-triggered cell FDRE clocked by clk_pl_0  {rise@0.000ns fall@5.000ns period=10.000ns})
  Destination:            radon_kria_acc_i/axi_interconnect_0/s00_couplers/auto_ds/inst/gen_downsizer.gen_simple_downsizer.axi_downsizer_inst/USE_READ.read_data_inst/WORD_LANE[2].S_AXI_RDATA_II_reg[85]/D
                            (rising edge-triggered cell FDRE clocked by clk_pl_0  {rise@0.000ns fall@5.000ns period=10.000ns})
  Path Group:             clk_pl_0
  Path Type:              Hold (Min at Slow Process Corner)
  Requirement:            0.000ns  (clk_pl_0 rise@0.000ns - clk_pl_0 rise@0.000ns)
  Data Path Delay:        0.277ns  (logic 0.112ns (40.402%)  route 0.165ns (59.598%))
  Logic Levels:           0  
  Clock Path Skew:        0.123ns (DCD - SCD - CPR)
    Destination Clock Delay (DCD):    2.392ns
    Source Clock Delay      (SCD):    2.095ns
    Clock Pessimism Removal (CPR):    0.173ns
  Clock Net Delay (Source):      1.879ns (routing 0.955ns, distribution 0.924ns)
  Clock Net Delay (Destination): 2.125ns (routing 1.045ns, distribution 1.080ns)

    Location             Delay type                Incr(ns)  Path(ns)    Netlist Resource(s)
  -------------------------------------------------------------------    -------------------
                         (clock clk_pl_0 rise edge)
                                                      0.000     0.000 r  
    PS8_X0Y0             PS8                          0.000     0.000 r  radon_kria_acc_i/zynq_ultra_ps_e_0/inst/PS8_i/PLCLK[0]
                         net (fo=1, routed)           0.181     0.181    radon_kria_acc_i/zynq_ultra_ps_e_0/inst/pl_clk_unbuffered[0]
    BUFG_PS_X0Y80        BUFG_PS (Prop_BUFG_PS_I_O)
                                                      0.035     0.216 r  radon_kria_acc_i/zynq_ultra_ps_e_0/inst/buffer_pl_clk_0.PL_CLK_0_BUFG/O
    X0Y1 (CLOCK_ROOT)    net (fo=1897, routed)        1.879     2.095    radon_kria_acc_i/axi_interconnect_0/s00_couplers/auto_pc/inst/gen_axilite.gen_b2s_conv.axilite_b2s/SI_REG/r.r_pipe/aclk
    SLICE_X4Y105         FDRE                                         r  radon_kria_acc_i/axi_interconnect_0/s00_couplers/auto_pc/inst/gen_axilite.gen_b2s_conv.axilite_b2s/SI_REG/r.r_pipe/m_payload_i_reg[21]/C
  -------------------------------------------------------------------    -------------------
    SLICE_X4Y105         FDRE (Prop_CFF_SLICEM_C_Q)
                                                      0.112     2.207 r  radon_kria_acc_i/axi_interconnect_0/s00_couplers/auto_pc/inst/gen_axilite.gen_b2s_conv.axilite_b2s/SI_REG/r.r_pipe/m_payload_i_reg[21]/Q
                         net (fo=8, routed)           0.165     2.372    radon_kria_acc_i/axi_interconnect_0/s00_couplers/auto_ds/inst/gen_downsizer.gen_simple_downsizer.axi_downsizer_inst/USE_READ.read_data_inst/m_axi_rdata[21]
    SLICE_X2Y104         FDRE                                         r  radon_kria_acc_i/axi_interconnect_0/s00_couplers/auto_ds/inst/gen_downsizer.gen_simple_downsizer.axi_downsizer_inst/USE_READ.read_data_inst/WORD_LANE[2].S_AXI_RDATA_II_reg[85]/D
  -------------------------------------------------------------------    -------------------

                         (clock clk_pl_0 rise edge)
                                                      0.000     0.000 r  
    PS8_X0Y0             PS8                          0.000     0.000 r  radon_kria_acc_i/zynq_ultra_ps_e_0/inst/PS8_i/PLCLK[0]
                         net (fo=1, routed)           0.229     0.229    radon_kria_acc_i/zynq_ultra_ps_e_0/inst/pl_clk_unbuffered[0]
    BUFG_PS_X0Y80        BUFG_PS (Prop_BUFG_PS_I_O)
                                                      0.038     0.267 r  radon_kria_acc_i/zynq_ultra_ps_e_0/inst/buffer_pl_clk_0.PL_CLK_0_BUFG/O
    X0Y1 (CLOCK_ROOT)    net (fo=1897, routed)        2.125     2.392    radon_kria_acc_i/axi_interconnect_0/s00_couplers/auto_ds/inst/gen_downsizer.gen_simple_downsizer.axi_downsizer_inst/USE_READ.read_data_inst/CLK
    SLICE_X2Y104         FDRE                                         r  radon_kria_acc_i/axi_interconnect_0/s00_couplers/auto_ds/inst/gen_downsizer.gen_simple_downsizer.axi_downsizer_inst/USE_READ.read_data_inst/WORD_LANE[2].S_AXI_RDATA_II_reg[85]/C
                         clock pessimism             -0.173     2.219    
    SLICE_X2Y104         FDRE (Hold_HFF_SLICEM_C_D)
                                                      0.101     2.320    radon_kria_acc_i/axi_interconnect_0/s00_couplers/auto_ds/inst/gen_downsizer.gen_simple_downsizer.axi_downsizer_inst/USE_READ.read_data_inst/WORD_LANE[2].S_AXI_RDATA_II_reg[85]
  -------------------------------------------------------------------
                         required time                         -2.320    
                         arrival time                           2.372    
  -------------------------------------------------------------------
                         slack                                  0.053    

Slack (MET) :             0.054ns  (arrival time - required time)
  Source:                 radon_kria_acc_i/axi_interconnect_0/s00_couplers/auto_ds/inst/gen_downsizer.gen_simple_downsizer.axi_downsizer_inst/USE_WRITE.write_addr_inst/cmd_queue/inst/fifo_gen_inst/inst_fifo_gen/gconvfifo.rf/grf.rf/gntv_or_sync_fifo.gl0.wr/wpntr/gcc0.gc0.count_d1_reg[1]/C
                            (rising edge-triggered cell FDCE clocked by clk_pl_0  {rise@0.000ns fall@5.000ns period=10.000ns})
  Destination:            radon_kria_acc_i/axi_interconnect_0/s00_couplers/auto_ds/inst/gen_downsizer.gen_simple_downsizer.axi_downsizer_inst/USE_WRITE.write_addr_inst/cmd_queue/inst/fifo_gen_inst/inst_fifo_gen/gconvfifo.rf/grf.rf/gntv_or_sync_fifo.mem/gdm.dm_gen.dm/RAM_reg_0_31_28_28/DP/WADR1
                            (rising edge-triggered cell RAMD32 clocked by clk_pl_0  {rise@0.000ns fall@5.000ns period=10.000ns})
  Path Group:             clk_pl_0
  Path Type:              Hold (Min at Fast Process Corner)
  Requirement:            0.000ns  (clk_pl_0 rise@0.000ns - clk_pl_0 rise@0.000ns)
  Data Path Delay:        0.201ns  (logic 0.084ns (41.700%)  route 0.117ns (58.300%))
  Logic Levels:           0  
  Clock Path Skew:        0.060ns (DCD - SCD - CPR)
    Destination Clock Delay (DCD):    1.488ns
    Source Clock Delay      (SCD):    1.297ns
    Clock Pessimism Removal (CPR):    0.131ns
  Clock Net Delay (Source):      1.146ns (routing 0.572ns, distribution 0.574ns)
  Clock Net Delay (Destination): 1.301ns (routing 0.623ns, distribution 0.678ns)

    Location             Delay type                Incr(ns)  Path(ns)    Netlist Resource(s)
  -------------------------------------------------------------------    -------------------
                         (clock clk_pl_0 rise edge)
                                                      0.000     0.000 r  
    PS8_X0Y0             PS8                          0.000     0.000 r  radon_kria_acc_i/zynq_ultra_ps_e_0/inst/PS8_i/PLCLK[0]
                         net (fo=1, routed)           0.129     0.129    radon_kria_acc_i/zynq_ultra_ps_e_0/inst/pl_clk_unbuffered[0]
    BUFG_PS_X0Y80        BUFG_PS (Prop_BUFG_PS_I_O)
                                                      0.022     0.151 r  radon_kria_acc_i/zynq_ultra_ps_e_0/inst/buffer_pl_clk_0.PL_CLK_0_BUFG/O
    X0Y1 (CLOCK_ROOT)    net (fo=1897, routed)        1.146     1.297    radon_kria_acc_i/axi_interconnect_0/s00_couplers/auto_ds/inst/gen_downsizer.gen_simple_downsizer.axi_downsizer_inst/USE_WRITE.write_addr_inst/cmd_queue/inst/fifo_gen_inst/inst_fifo_gen/gconvfifo.rf/grf.rf/gntv_or_sync_fifo.gl0.wr/wpntr/clk
    SLICE_X3Y87          FDCE                                         r  radon_kria_acc_i/axi_interconnect_0/s00_couplers/auto_ds/inst/gen_downsizer.gen_simple_downsizer.axi_downsizer_inst/USE_WRITE.write_addr_inst/cmd_queue/inst/fifo_gen_inst/inst_fifo_gen/gconvfifo.rf/grf.rf/gntv_or_sync_fifo.gl0.wr/wpntr/gcc0.gc0.count_d1_reg[1]/C
  -------------------------------------------------------------------    -------------------
    SLICE_X3Y87          FDCE (Prop_EFF_SLICEL_C_Q)
                                                      0.084     1.381 r  radon_kria_acc_i/axi_interconnect_0/s00_couplers/auto_ds/inst/gen_downsizer.gen_simple_downsizer.axi_downsizer_inst/USE_WRITE.write_addr_inst/cmd_queue/inst/fifo_gen_inst/inst_fifo_gen/gconvfifo.rf/grf.rf/gntv_or_sync_fifo.gl0.wr/wpntr/gcc0.gc0.count_d1_reg[1]/Q
                         net (fo=37, routed)          0.117     1.499    radon_kria_acc_i/axi_interconnect_0/s00_couplers/auto_ds/inst/gen_downsizer.gen_simple_downsizer.axi_downsizer_inst/USE_WRITE.write_addr_inst/cmd_queue/inst/fifo_gen_inst/inst_fifo_gen/gconvfifo.rf/grf.rf/gntv_or_sync_fifo.mem/gdm.dm_gen.dm/RAM_reg_0_31_28_28/A1
    SLICE_X2Y87          RAMD32                                       r  radon_kria_acc_i/axi_interconnect_0/s00_couplers/auto_ds/inst/gen_downsizer.gen_simple_downsizer.axi_downsizer_inst/USE_WRITE.write_addr_inst/cmd_queue/inst/fifo_gen_inst/inst_fifo_gen/gconvfifo.rf/grf.rf/gntv_or_sync_fifo.mem/gdm.dm_gen.dm/RAM_reg_0_31_28_28/DP/WADR1
  -------------------------------------------------------------------    -------------------

                         (clock clk_pl_0 rise edge)
                                                      0.000     0.000 r  
    PS8_X0Y0             PS8                          0.000     0.000 r  radon_kria_acc_i/zynq_ultra_ps_e_0/inst/PS8_i/PLCLK[0]
                         net (fo=1, routed)           0.164     0.164    radon_kria_acc_i/zynq_ultra_ps_e_0/inst/pl_clk_unbuffered[0]
    BUFG_PS_X0Y80        BUFG_PS (Prop_BUFG_PS_I_O)
                                                      0.023     0.187 r  radon_kria_acc_i/zynq_ultra_ps_e_0/inst/buffer_pl_clk_0.PL_CLK_0_BUFG/O
    X0Y1 (CLOCK_ROOT)    net (fo=1897, routed)        1.301     1.488    radon_kria_acc_i/axi_interconnect_0/s00_couplers/auto_ds/inst/gen_downsizer.gen_simple_downsizer.axi_downsizer_inst/USE_WRITE.write_addr_inst/cmd_queue/inst/fifo_gen_inst/inst_fifo_gen/gconvfifo.rf/grf.rf/gntv_or_sync_fifo.mem/gdm.dm_gen.dm/RAM_reg_0_31_28_28/WCLK
    SLICE_X2Y87          RAMD32                                       r  radon_kria_acc_i/axi_interconnect_0/s00_couplers/auto_ds/inst/gen_downsizer.gen_simple_downsizer.axi_downsizer_inst/USE_WRITE.write_addr_inst/cmd_queue/inst/fifo_gen_inst/inst_fifo_gen/gconvfifo.rf/grf.rf/gntv_or_sync_fifo.mem/gdm.dm_gen.dm/RAM_reg_0_31_28_28/DP/CLK
                         clock pessimism             -0.131     1.357    
    SLICE_X2Y87          RAMD32 (Hold_G6LUT_SLICEM_CLK_WADR1)
                                                      0.088     1.445    radon_kria_acc_i/axi_interconnect_0/s00_couplers/auto_ds/inst/gen_downsizer.gen_simple_downsizer.axi_downsizer_inst/USE_WRITE.write_addr_inst/cmd_queue/inst/fifo_gen_inst/inst_fifo_gen/gconvfifo.rf/grf.rf/gntv_or_sync_fifo.mem/gdm.dm_gen.dm/RAM_reg_0_31_28_28/DP
  -------------------------------------------------------------------
                         required time                         -1.445    
                         arrival time                           1.499    
  -------------------------------------------------------------------
                         slack                                  0.054    





Pulse Width Checks
--------------------------------------------------------------------------------------
Clock Name:         clk_pl_0
Waveform(ns):       { 0.000 5.000 }
Period(ns):         10.000
Sources:            { radon_kria_acc_i/zynq_ultra_ps_e_0/inst/PS8_i/PLCLK[0] }

Check Type        Corner  Lib Pin             Reference Pin  Required(ns)  Actual(ns)  Slack(ns)  Location      Pin
Min Period        n/a     PS8/MAXIGP0ACLK     n/a            3.000         10.000      7.000      PS8_X0Y0      radon_kria_acc_i/zynq_ultra_ps_e_0/inst/PS8_i/MAXIGP0ACLK
Min Period        n/a     RAMB36E2/CLKARDCLK  n/a            1.960         10.000      8.040      RAMB36_X0Y20  radon_kria_acc_i/radon_kria_ip_0/inst/radon_kria_ip_v1_0_S00_AXI_inst/radon_inst/phantom_inst/mem_reg_bram_0/CLKARDCLK
Min Period        n/a     RAMB36E2/CLKARDCLK  n/a            1.960         10.000      8.040      RAMB36_X0Y21  radon_kria_acc_i/radon_kria_ip_0/inst/radon_kria_ip_v1_0_S00_AXI_inst/radon_inst/phantom_inst/mem_reg_bram_1/CLKARDCLK
Min Period        n/a     RAMB36E2/CLKARDCLK  n/a            1.960         10.000      8.040      RAMB36_X0Y22  radon_kria_acc_i/radon_kria_ip_0/inst/radon_kria_ip_v1_0_S00_AXI_inst/radon_inst/phantom_inst/mem_reg_bram_2/CLKARDCLK
Min Period        n/a     RAMB36E2/CLKARDCLK  n/a            1.960         10.000      8.040      RAMB36_X0Y23  radon_kria_acc_i/radon_kria_ip_0/inst/radon_kria_ip_v1_0_S00_AXI_inst/radon_inst/phantom_inst/mem_reg_bram_3/CLKARDCLK
Min Period        n/a     RAMB36E2/CLKARDCLK  n/a            1.960         10.000      8.040      RAMB36_X0Y27  radon_kria_acc_i/radon_kria_ip_0/inst/radon_kria_ip_v1_0_S00_AXI_inst/radon_inst/proj_inst/mem_reg_bram_0/CLKARDCLK
Min Period        n/a     RAMB36E2/CLKARDCLK  n/a            1.960         10.000      8.040      RAMB36_X0Y28  radon_kria_acc_i/radon_kria_ip_0/inst/radon_kria_ip_v1_0_S00_AXI_inst/radon_inst/proj_inst/mem_reg_bram_1/CLKARDCLK
Min Period        n/a     RAMB36E2/CLKARDCLK  n/a            1.960         10.000      8.040      RAMB36_X0Y26  radon_kria_acc_i/radon_kria_ip_0/inst/radon_kria_ip_v1_0_S00_AXI_inst/radon_inst/proj_inst/mem_reg_bram_10/CLKARDCLK
Min Period        n/a     RAMB36E2/CLKARDCLK  n/a            1.960         10.000      8.040      RAMB36_X0Y24  radon_kria_acc_i/radon_kria_ip_0/inst/radon_kria_ip_v1_0_S00_AXI_inst/radon_inst/proj_inst/mem_reg_bram_11/CLKARDCLK
Min Period        n/a     RAMB36E2/CLKARDCLK  n/a            1.960         10.000      8.040      RAMB36_X0Y29  radon_kria_acc_i/radon_kria_ip_0/inst/radon_kria_ip_v1_0_S00_AXI_inst/radon_inst/proj_inst/mem_reg_bram_2/CLKARDCLK
Low Pulse Width   Slow    PS8/MAXIGP0ACLK     n/a            1.500         5.000       3.500      PS8_X0Y0      radon_kria_acc_i/zynq_ultra_ps_e_0/inst/PS8_i/MAXIGP0ACLK
Low Pulse Width   Fast    PS8/MAXIGP0ACLK     n/a            1.500         5.000       3.500      PS8_X0Y0      radon_kria_acc_i/zynq_ultra_ps_e_0/inst/PS8_i/MAXIGP0ACLK
Low Pulse Width   Slow    RAMD32/CLK          n/a            0.762         5.000       4.238      SLICE_X5Y113  radon_kria_acc_i/axi_interconnect_0/s00_couplers/auto_ds/inst/gen_downsizer.gen_simple_downsizer.axi_downsizer_inst/USE_READ.read_addr_inst/cmd_queue/inst/fifo_gen_inst/inst_fifo_gen/gconvfifo.rf/grf.rf/gntv_or_sync_fifo.mem/gdm.dm_gen.dm/RAM_reg_0_31_0_13/RAMA/CLK
Low Pulse Width   Fast    RAMD32/CLK          n/a            0.762         5.000       4.238      SLICE_X5Y113  radon_kria_acc_i/axi_interconnect_0/s00_couplers/auto_ds/inst/gen_downsizer.gen_simple_downsizer.axi_downsizer_inst/USE_READ.read_addr_inst/cmd_queue/inst/fifo_gen_inst/inst_fifo_gen/gconvfifo.rf/grf.rf/gntv_or_sync_fifo.mem/gdm.dm_gen.dm/RAM_reg_0_31_0_13/RAMA/CLK
Low Pulse Width   Slow    RAMD32/CLK          n/a            0.762         5.000       4.238      SLICE_X5Y113  radon_kria_acc_i/axi_interconnect_0/s00_couplers/auto_ds/inst/gen_downsizer.gen_simple_downsizer.axi_downsizer_inst/USE_READ.read_addr_inst/cmd_queue/inst/fifo_gen_inst/inst_fifo_gen/gconvfifo.rf/grf.rf/gntv_or_sync_fifo.mem/gdm.dm_gen.dm/RAM_reg_0_31_0_13/RAMA_D1/CLK
Low Pulse Width   Fast    RAMD32/CLK          n/a            0.762         5.000       4.238      SLICE_X5Y113  radon_kria_acc_i/axi_interconnect_0/s00_couplers/auto_ds/inst/gen_downsizer.gen_simple_downsizer.axi_downsizer_inst/USE_READ.read_addr_inst/cmd_queue/inst/fifo_gen_inst/inst_fifo_gen/gconvfifo.rf/grf.rf/gntv_or_sync_fifo.mem/gdm.dm_gen.dm/RAM_reg_0_31_0_13/RAMA_D1/CLK
Low Pulse Width   Slow    RAMD32/CLK          n/a            0.762         5.000       4.238      SLICE_X5Y113  radon_kria_acc_i/axi_interconnect_0/s00_couplers/auto_ds/inst/gen_downsizer.gen_simple_downsizer.axi_downsizer_inst/USE_READ.read_addr_inst/cmd_queue/inst/fifo_gen_inst/inst_fifo_gen/gconvfifo.rf/grf.rf/gntv_or_sync_fifo.mem/gdm.dm_gen.dm/RAM_reg_0_31_0_13/RAMB/CLK
Low Pulse Width   Fast    RAMD32/CLK          n/a            0.762         5.000       4.238      SLICE_X5Y113  radon_kria_acc_i/axi_interconnect_0/s00_couplers/auto_ds/inst/gen_downsizer.gen_simple_downsizer.axi_downsizer_inst/USE_READ.read_addr_inst/cmd_queue/inst/fifo_gen_inst/inst_fifo_gen/gconvfifo.rf/grf.rf/gntv_or_sync_fifo.mem/gdm.dm_gen.dm/RAM_reg_0_31_0_13/RAMB/CLK
Low Pulse Width   Slow    RAMD32/CLK          n/a            0.762         5.000       4.238      SLICE_X5Y113  radon_kria_acc_i/axi_interconnect_0/s00_couplers/auto_ds/inst/gen_downsizer.gen_simple_downsizer.axi_downsizer_inst/USE_READ.read_addr_inst/cmd_queue/inst/fifo_gen_inst/inst_fifo_gen/gconvfifo.rf/grf.rf/gntv_or_sync_fifo.mem/gdm.dm_gen.dm/RAM_reg_0_31_0_13/RAMB_D1/CLK
Low Pulse Width   Fast    RAMD32/CLK          n/a            0.762         5.000       4.238      SLICE_X5Y113  radon_kria_acc_i/axi_interconnect_0/s00_couplers/auto_ds/inst/gen_downsizer.gen_simple_downsizer.axi_downsizer_inst/USE_READ.read_addr_inst/cmd_queue/inst/fifo_gen_inst/inst_fifo_gen/gconvfifo.rf/grf.rf/gntv_or_sync_fifo.mem/gdm.dm_gen.dm/RAM_reg_0_31_0_13/RAMB_D1/CLK
High Pulse Width  Slow    PS8/MAXIGP0ACLK     n/a            1.500         5.000       3.500      PS8_X0Y0      radon_kria_acc_i/zynq_ultra_ps_e_0/inst/PS8_i/MAXIGP0ACLK
High Pulse Width  Fast    PS8/MAXIGP0ACLK     n/a            1.500         5.000       3.500      PS8_X0Y0      radon_kria_acc_i/zynq_ultra_ps_e_0/inst/PS8_i/MAXIGP0ACLK
High Pulse Width  Slow    RAMD32/CLK          n/a            0.762         5.000       4.238      SLICE_X5Y113  radon_kria_acc_i/axi_interconnect_0/s00_couplers/auto_ds/inst/gen_downsizer.gen_simple_downsizer.axi_downsizer_inst/USE_READ.read_addr_inst/cmd_queue/inst/fifo_gen_inst/inst_fifo_gen/gconvfifo.rf/grf.rf/gntv_or_sync_fifo.mem/gdm.dm_gen.dm/RAM_reg_0_31_0_13/RAMA/CLK
High Pulse Width  Fast    RAMD32/CLK          n/a            0.762         5.000       4.238      SLICE_X5Y113  radon_kria_acc_i/axi_interconnect_0/s00_couplers/auto_ds/inst/gen_downsizer.gen_simple_downsizer.axi_downsizer_inst/USE_READ.read_addr_inst/cmd_queue/inst/fifo_gen_inst/inst_fifo_gen/gconvfifo.rf/grf.rf/gntv_or_sync_fifo.mem/gdm.dm_gen.dm/RAM_reg_0_31_0_13/RAMA/CLK
High Pulse Width  Slow    RAMD32/CLK          n/a            0.762         5.000       4.238      SLICE_X5Y113  radon_kria_acc_i/axi_interconnect_0/s00_couplers/auto_ds/inst/gen_downsizer.gen_simple_downsizer.axi_downsizer_inst/USE_READ.read_addr_inst/cmd_queue/inst/fifo_gen_inst/inst_fifo_gen/gconvfifo.rf/grf.rf/gntv_or_sync_fifo.mem/gdm.dm_gen.dm/RAM_reg_0_31_0_13/RAMA_D1/CLK
High Pulse Width  Fast    RAMD32/CLK          n/a            0.762         5.000       4.238      SLICE_X5Y113  radon_kria_acc_i/axi_interconnect_0/s00_couplers/auto_ds/inst/gen_downsizer.gen_simple_downsizer.axi_downsizer_inst/USE_READ.read_addr_inst/cmd_queue/inst/fifo_gen_inst/inst_fifo_gen/gconvfifo.rf/grf.rf/gntv_or_sync_fifo.mem/gdm.dm_gen.dm/RAM_reg_0_31_0_13/RAMA_D1/CLK
High Pulse Width  Slow    RAMD32/CLK          n/a            0.762         5.000       4.238      SLICE_X5Y113  radon_kria_acc_i/axi_interconnect_0/s00_couplers/auto_ds/inst/gen_downsizer.gen_simple_downsizer.axi_downsizer_inst/USE_READ.read_addr_inst/cmd_queue/inst/fifo_gen_inst/inst_fifo_gen/gconvfifo.rf/grf.rf/gntv_or_sync_fifo.mem/gdm.dm_gen.dm/RAM_reg_0_31_0_13/RAMB/CLK
High Pulse Width  Fast    RAMD32/CLK          n/a            0.762         5.000       4.238      SLICE_X5Y113  radon_kria_acc_i/axi_interconnect_0/s00_couplers/auto_ds/inst/gen_downsizer.gen_simple_downsizer.axi_downsizer_inst/USE_READ.read_addr_inst/cmd_queue/inst/fifo_gen_inst/inst_fifo_gen/gconvfifo.rf/grf.rf/gntv_or_sync_fifo.mem/gdm.dm_gen.dm/RAM_reg_0_31_0_13/RAMB/CLK
High Pulse Width  Slow    RAMD32/CLK          n/a            0.762         5.000       4.238      SLICE_X5Y113  radon_kria_acc_i/axi_interconnect_0/s00_couplers/auto_ds/inst/gen_downsizer.gen_simple_downsizer.axi_downsizer_inst/USE_READ.read_addr_inst/cmd_queue/inst/fifo_gen_inst/inst_fifo_gen/gconvfifo.rf/grf.rf/gntv_or_sync_fifo.mem/gdm.dm_gen.dm/RAM_reg_0_31_0_13/RAMB_D1/CLK
High Pulse Width  Fast    RAMD32/CLK          n/a            0.762         5.000       4.238      SLICE_X5Y113  radon_kria_acc_i/axi_interconnect_0/s00_couplers/auto_ds/inst/gen_downsizer.gen_simple_downsizer.axi_downsizer_inst/USE_READ.read_addr_inst/cmd_queue/inst/fifo_gen_inst/inst_fifo_gen/gconvfifo.rf/grf.rf/gntv_or_sync_fifo.mem/gdm.dm_gen.dm/RAM_reg_0_31_0_13/RAMB_D1/CLK



---------------------------------------------------------------------------------------------------
Path Group:  **async_default**
From Clock:  clk_pl_0
  To Clock:  clk_pl_0

Setup :            0  Failing Endpoints,  Worst Slack        7.418ns,  Total Violation        0.000ns
Hold  :            0  Failing Endpoints,  Worst Slack        0.288ns,  Total Violation        0.000ns
---------------------------------------------------------------------------------------------------


Max Delay Paths
--------------------------------------------------------------------------------------
Slack (MET) :             7.418ns  (required time - arrival time)
  Source:                 radon_kria_acc_i/radon_kria_ip_0/inst/radon_kria_ip_v1_0_S00_AXI_inst/slv_reg0_reg[1]/C
                            (rising edge-triggered cell FDRE clocked by clk_pl_0  {rise@0.000ns fall@5.000ns period=10.000ns})
  Destination:            radon_kria_acc_i/radon_kria_ip_0/inst/radon_kria_ip_v1_0_S00_AXI_inst/radon_inst/sampler_inst/acc_sum_reg[0]/CLR
                            (recovery check against rising-edge clock clk_pl_0  {rise@0.000ns fall@5.000ns period=10.000ns})
  Path Group:             **async_default**
  Path Type:              Recovery (Max at Slow Process Corner)
  Requirement:            10.000ns  (clk_pl_0 rise@10.000ns - clk_pl_0 rise@0.000ns)
  Data Path Delay:        2.397ns  (logic 0.114ns (4.756%)  route 2.283ns (95.244%))
  Logic Levels:           0  
  Clock Path Skew:        0.068ns (DCD - SCD + CPR)
    Destination Clock Delay (DCD):    2.287ns = ( 12.287 - 10.000 ) 
    Source Clock Delay      (SCD):    2.360ns
    Clock Pessimism Removal (CPR):    0.141ns
  Clock Uncertainty:      0.160ns  ((TSJ^2 + DJ^2)^1/2) / 2 + PE
    Total System Jitter     (TSJ):    0.071ns
    Discrete Jitter          (DJ):    0.312ns
    Phase Error              (PE):    0.000ns
  Clock Net Delay (Source):      2.093ns (routing 1.045ns, distribution 1.048ns)
  Clock Net Delay (Destination): 2.071ns (routing 0.955ns, distribution 1.116ns)

    Location             Delay type                Incr(ns)  Path(ns)    Netlist Resource(s)
  -------------------------------------------------------------------    -------------------
                         (clock clk_pl_0 rise edge)
                                                      0.000     0.000 r  
    PS8_X0Y0             PS8                          0.000     0.000 r  radon_kria_acc_i/zynq_ultra_ps_e_0/inst/PS8_i/PLCLK[0]
                         net (fo=1, routed)           0.229     0.229    radon_kria_acc_i/zynq_ultra_ps_e_0/inst/pl_clk_unbuffered[0]
    BUFG_PS_X0Y80        BUFG_PS (Prop_BUFG_PS_I_O)
                                                      0.038     0.267 r  radon_kria_acc_i/zynq_ultra_ps_e_0/inst/buffer_pl_clk_0.PL_CLK_0_BUFG/O
    X0Y1 (CLOCK_ROOT)    net (fo=1897, routed)        2.093     2.360    radon_kria_acc_i/radon_kria_ip_0/inst/radon_kria_ip_v1_0_S00_AXI_inst/s00_axi_aclk
    SLICE_X4Y102         FDRE                                         r  radon_kria_acc_i/radon_kria_ip_0/inst/radon_kria_ip_v1_0_S00_AXI_inst/slv_reg0_reg[1]/C
  -------------------------------------------------------------------    -------------------
    SLICE_X4Y102         FDRE (Prop_HFF_SLICEM_C_Q)
                                                      0.114     2.474 f  radon_kria_acc_i/radon_kria_ip_0/inst/radon_kria_ip_v1_0_S00_AXI_inst/slv_reg0_reg[1]/Q
                         net (fo=116, routed)         2.283     4.757    radon_kria_acc_i/radon_kria_ip_0/inst/radon_kria_ip_v1_0_S00_AXI_inst/radon_inst/sampler_inst/mem_reg_bram_1[1]
    SLICE_X26Y152        FDCE                                         f  radon_kria_acc_i/radon_kria_ip_0/inst/radon_kria_ip_v1_0_S00_AXI_inst/radon_inst/sampler_inst/acc_sum_reg[0]/CLR
  -------------------------------------------------------------------    -------------------

                         (clock clk_pl_0 rise edge)
                                                     10.000    10.000 r  
    PS8_X0Y0             PS8                          0.000    10.000 r  radon_kria_acc_i/zynq_ultra_ps_e_0/inst/PS8_i/PLCLK[0]
                         net (fo=1, routed)           0.181    10.181    radon_kria_acc_i/zynq_ultra_ps_e_0/inst/pl_clk_unbuffered[0]
    BUFG_PS_X0Y80        BUFG_PS (Prop_BUFG_PS_I_O)
                                                      0.035    10.216 r  radon_kria_acc_i/zynq_ultra_ps_e_0/inst/buffer_pl_clk_0.PL_CLK_0_BUFG/O
    X0Y1 (CLOCK_ROOT)    net (fo=1897, routed)        2.071    12.287    radon_kria_acc_i/radon_kria_ip_0/inst/radon_kria_ip_v1_0_S00_AXI_inst/radon_inst/sampler_inst/s00_axi_aclk
    SLICE_X26Y152        FDCE                                         r  radon_kria_acc_i/radon_kria_ip_0/inst/radon_kria_ip_v1_0_S00_AXI_inst/radon_inst/sampler_inst/acc_sum_reg[0]/C
                         clock pessimism              0.141    12.428    
                         clock uncertainty           -0.160    12.268    
    SLICE_X26Y152        FDCE (Recov_DFF_SLICEL_C_CLR)
                                                     -0.093    12.175    radon_kria_acc_i/radon_kria_ip_0/inst/radon_kria_ip_v1_0_S00_AXI_inst/radon_inst/sampler_inst/acc_sum_reg[0]
  -------------------------------------------------------------------
                         required time                         12.175    
                         arrival time                          -4.757    
  -------------------------------------------------------------------
                         slack                                  7.418    

Slack (MET) :             7.418ns  (required time - arrival time)
  Source:                 radon_kria_acc_i/radon_kria_ip_0/inst/radon_kria_ip_v1_0_S00_AXI_inst/slv_reg0_reg[1]/C
                            (rising edge-triggered cell FDRE clocked by clk_pl_0  {rise@0.000ns fall@5.000ns period=10.000ns})
  Destination:            radon_kria_acc_i/radon_kria_ip_0/inst/radon_kria_ip_v1_0_S00_AXI_inst/radon_inst/sampler_inst/t_fp_reg[12]/CLR
                            (recovery check against rising-edge clock clk_pl_0  {rise@0.000ns fall@5.000ns period=10.000ns})
  Path Group:             **async_default**
  Path Type:              Recovery (Max at Slow Process Corner)
  Requirement:            10.000ns  (clk_pl_0 rise@10.000ns - clk_pl_0 rise@0.000ns)
  Data Path Delay:        2.397ns  (logic 0.114ns (4.756%)  route 2.283ns (95.244%))
  Logic Levels:           0  
  Clock Path Skew:        0.068ns (DCD - SCD + CPR)
    Destination Clock Delay (DCD):    2.287ns = ( 12.287 - 10.000 ) 
    Source Clock Delay      (SCD):    2.360ns
    Clock Pessimism Removal (CPR):    0.141ns
  Clock Uncertainty:      0.160ns  ((TSJ^2 + DJ^2)^1/2) / 2 + PE
    Total System Jitter     (TSJ):    0.071ns
    Discrete Jitter          (DJ):    0.312ns
    Phase Error              (PE):    0.000ns
  Clock Net Delay (Source):      2.093ns (routing 1.045ns, distribution 1.048ns)
  Clock Net Delay (Destination): 2.071ns (routing 0.955ns, distribution 1.116ns)

    Location             Delay type                Incr(ns)  Path(ns)    Netlist Resource(s)
  -------------------------------------------------------------------    -------------------
                         (clock clk_pl_0 rise edge)
                                                      0.000     0.000 r  
    PS8_X0Y0             PS8                          0.000     0.000 r  radon_kria_acc_i/zynq_ultra_ps_e_0/inst/PS8_i/PLCLK[0]
                         net (fo=1, routed)           0.229     0.229    radon_kria_acc_i/zynq_ultra_ps_e_0/inst/pl_clk_unbuffered[0]
    BUFG_PS_X0Y80        BUFG_PS (Prop_BUFG_PS_I_O)
                                                      0.038     0.267 r  radon_kria_acc_i/zynq_ultra_ps_e_0/inst/buffer_pl_clk_0.PL_CLK_0_BUFG/O
    X0Y1 (CLOCK_ROOT)    net (fo=1897, routed)        2.093     2.360    radon_kria_acc_i/radon_kria_ip_0/inst/radon_kria_ip_v1_0_S00_AXI_inst/s00_axi_aclk
    SLICE_X4Y102         FDRE                                         r  radon_kria_acc_i/radon_kria_ip_0/inst/radon_kria_ip_v1_0_S00_AXI_inst/slv_reg0_reg[1]/C
  -------------------------------------------------------------------    -------------------
    SLICE_X4Y102         FDRE (Prop_HFF_SLICEM_C_Q)
                                                      0.114     2.474 f  radon_kria_acc_i/radon_kria_ip_0/inst/radon_kria_ip_v1_0_S00_AXI_inst/slv_reg0_reg[1]/Q
                         net (fo=116, routed)         2.283     4.757    radon_kria_acc_i/radon_kria_ip_0/inst/radon_kria_ip_v1_0_S00_AXI_inst/radon_inst/sampler_inst/mem_reg_bram_1[1]
    SLICE_X26Y152        FDCE                                         f  radon_kria_acc_i/radon_kria_ip_0/inst/radon_kria_ip_v1_0_S00_AXI_inst/radon_inst/sampler_inst/t_fp_reg[12]/CLR
  -------------------------------------------------------------------    -------------------

                         (clock clk_pl_0 rise edge)
                                                     10.000    10.000 r  
    PS8_X0Y0             PS8                          0.000    10.000 r  radon_kria_acc_i/zynq_ultra_ps_e_0/inst/PS8_i/PLCLK[0]
                         net (fo=1, routed)           0.181    10.181    radon_kria_acc_i/zynq_ultra_ps_e_0/inst/pl_clk_unbuffered[0]
    BUFG_PS_X0Y80        BUFG_PS (Prop_BUFG_PS_I_O)
                                                      0.035    10.216 r  radon_kria_acc_i/zynq_ultra_ps_e_0/inst/buffer_pl_clk_0.PL_CLK_0_BUFG/O
    X0Y1 (CLOCK_ROOT)    net (fo=1897, routed)        2.071    12.287    radon_kria_acc_i/radon_kria_ip_0/inst/radon_kria_ip_v1_0_S00_AXI_inst/radon_inst/sampler_inst/s00_axi_aclk
    SLICE_X26Y152        FDCE                                         r  radon_kria_acc_i/radon_kria_ip_0/inst/radon_kria_ip_v1_0_S00_AXI_inst/radon_inst/sampler_inst/t_fp_reg[12]/C
                         clock pessimism              0.141    12.428    
                         clock uncertainty           -0.160    12.268    
    SLICE_X26Y152        FDCE (Recov_DFF2_SLICEL_C_CLR)
                                                     -0.093    12.175    radon_kria_acc_i/radon_kria_ip_0/inst/radon_kria_ip_v1_0_S00_AXI_inst/radon_inst/sampler_inst/t_fp_reg[12]
  -------------------------------------------------------------------
                         required time                         12.175    
                         arrival time                          -4.757    
  -------------------------------------------------------------------
                         slack                                  7.418    

Slack (MET) :             7.518ns  (required time - arrival time)
  Source:                 radon_kria_acc_i/radon_kria_ip_0/inst/radon_kria_ip_v1_0_S00_AXI_inst/slv_reg0_reg[1]/C
                            (rising edge-triggered cell FDRE clocked by clk_pl_0  {rise@0.000ns fall@5.000ns period=10.000ns})
  Destination:            radon_kria_acc_i/radon_kria_ip_0/inst/radon_kria_ip_v1_0_S00_AXI_inst/radon_inst/sampler_inst/acc_sum_reg[10]/CLR
                            (recovery check against rising-edge clock clk_pl_0  {rise@0.000ns fall@5.000ns period=10.000ns})
  Path Group:             **async_default**
  Path Type:              Recovery (Max at Slow Process Corner)
  Requirement:            10.000ns  (clk_pl_0 rise@10.000ns - clk_pl_0 rise@0.000ns)
  Data Path Delay:        2.313ns  (logic 0.114ns (4.928%)  route 2.199ns (95.072%))
  Logic Levels:           0  
  Clock Path Skew:        0.084ns (DCD - SCD + CPR)
    Destination Clock Delay (DCD):    2.303ns = ( 12.303 - 10.000 ) 
    Source Clock Delay      (SCD):    2.360ns
    Clock Pessimism Removal (CPR):    0.141ns
  Clock Uncertainty:      0.160ns  ((TSJ^2 + DJ^2)^1/2) / 2 + PE
    Total System Jitter     (TSJ):    0.071ns
    Discrete Jitter          (DJ):    0.312ns
    Phase Error              (PE):    0.000ns
  Clock Net Delay (Source):      2.093ns (routing 1.045ns, distribution 1.048ns)
  Clock Net Delay (Destination): 2.087ns (routing 0.955ns, distribution 1.132ns)

    Location             Delay type                Incr(ns)  Path(ns)    Netlist Resource(s)
  -------------------------------------------------------------------    -------------------
                         (clock clk_pl_0 rise edge)
                                                      0.000     0.000 r  
    PS8_X0Y0             PS8                          0.000     0.000 r  radon_kria_acc_i/zynq_ultra_ps_e_0/inst/PS8_i/PLCLK[0]
                         net (fo=1, routed)           0.229     0.229    radon_kria_acc_i/zynq_ultra_ps_e_0/inst/pl_clk_unbuffered[0]
    BUFG_PS_X0Y80        BUFG_PS (Prop_BUFG_PS_I_O)
                                                      0.038     0.267 r  radon_kria_acc_i/zynq_ultra_ps_e_0/inst/buffer_pl_clk_0.PL_CLK_0_BUFG/O
    X0Y1 (CLOCK_ROOT)    net (fo=1897, routed)        2.093     2.360    radon_kria_acc_i/radon_kria_ip_0/inst/radon_kria_ip_v1_0_S00_AXI_inst/s00_axi_aclk
    SLICE_X4Y102         FDRE                                         r  radon_kria_acc_i/radon_kria_ip_0/inst/radon_kria_ip_v1_0_S00_AXI_inst/slv_reg0_reg[1]/C
  -------------------------------------------------------------------    -------------------
    SLICE_X4Y102         FDRE (Prop_HFF_SLICEM_C_Q)
                                                      0.114     2.474 f  radon_kria_acc_i/radon_kria_ip_0/inst/radon_kria_ip_v1_0_S00_AXI_inst/slv_reg0_reg[1]/Q
                         net (fo=116, routed)         2.199     4.673    radon_kria_acc_i/radon_kria_ip_0/inst/radon_kria_ip_v1_0_S00_AXI_inst/radon_inst/sampler_inst/mem_reg_bram_1[1]
    SLICE_X27Y153        FDCE                                         f  radon_kria_acc_i/radon_kria_ip_0/inst/radon_kria_ip_v1_0_S00_AXI_inst/radon_inst/sampler_inst/acc_sum_reg[10]/CLR
  -------------------------------------------------------------------    -------------------

                         (clock clk_pl_0 rise edge)
                                                     10.000    10.000 r  
    PS8_X0Y0             PS8                          0.000    10.000 r  radon_kria_acc_i/zynq_ultra_ps_e_0/inst/PS8_i/PLCLK[0]
                         net (fo=1, routed)           0.181    10.181    radon_kria_acc_i/zynq_ultra_ps_e_0/inst/pl_clk_unbuffered[0]
    BUFG_PS_X0Y80        BUFG_PS (Prop_BUFG_PS_I_O)
                                                      0.035    10.216 r  radon_kria_acc_i/zynq_ultra_ps_e_0/inst/buffer_pl_clk_0.PL_CLK_0_BUFG/O
    X0Y1 (CLOCK_ROOT)    net (fo=1897, routed)        2.087    12.303    radon_kria_acc_i/radon_kria_ip_0/inst/radon_kria_ip_v1_0_S00_AXI_inst/radon_inst/sampler_inst/s00_axi_aclk
    SLICE_X27Y153        FDCE                                         r  radon_kria_acc_i/radon_kria_ip_0/inst/radon_kria_ip_v1_0_S00_AXI_inst/radon_inst/sampler_inst/acc_sum_reg[10]/C
                         clock pessimism              0.141    12.444    
                         clock uncertainty           -0.160    12.284    
    SLICE_X27Y153        FDCE (Recov_DFF_SLICEL_C_CLR)
                                                     -0.093    12.191    radon_kria_acc_i/radon_kria_ip_0/inst/radon_kria_ip_v1_0_S00_AXI_inst/radon_inst/sampler_inst/acc_sum_reg[10]
  -------------------------------------------------------------------
                         required time                         12.191    
                         arrival time                          -4.673    
  -------------------------------------------------------------------
                         slack                                  7.518    

Slack (MET) :             7.518ns  (required time - arrival time)
  Source:                 radon_kria_acc_i/radon_kria_ip_0/inst/radon_kria_ip_v1_0_S00_AXI_inst/slv_reg0_reg[1]/C
                            (rising edge-triggered cell FDRE clocked by clk_pl_0  {rise@0.000ns fall@5.000ns period=10.000ns})
  Destination:            radon_kria_acc_i/radon_kria_ip_0/inst/radon_kria_ip_v1_0_S00_AXI_inst/radon_inst/sampler_inst/acc_sum_reg[11]/CLR
                            (recovery check against rising-edge clock clk_pl_0  {rise@0.000ns fall@5.000ns period=10.000ns})
  Path Group:             **async_default**
  Path Type:              Recovery (Max at Slow Process Corner)
  Requirement:            10.000ns  (clk_pl_0 rise@10.000ns - clk_pl_0 rise@0.000ns)
  Data Path Delay:        2.313ns  (logic 0.114ns (4.928%)  route 2.199ns (95.072%))
  Logic Levels:           0  
  Clock Path Skew:        0.084ns (DCD - SCD + CPR)
    Destination Clock Delay (DCD):    2.303ns = ( 12.303 - 10.000 ) 
    Source Clock Delay      (SCD):    2.360ns
    Clock Pessimism Removal (CPR):    0.141ns
  Clock Uncertainty:      0.160ns  ((TSJ^2 + DJ^2)^1/2) / 2 + PE
    Total System Jitter     (TSJ):    0.071ns
    Discrete Jitter          (DJ):    0.312ns
    Phase Error              (PE):    0.000ns
  Clock Net Delay (Source):      2.093ns (routing 1.045ns, distribution 1.048ns)
  Clock Net Delay (Destination): 2.087ns (routing 0.955ns, distribution 1.132ns)

    Location             Delay type                Incr(ns)  Path(ns)    Netlist Resource(s)
  -------------------------------------------------------------------    -------------------
                         (clock clk_pl_0 rise edge)
                                                      0.000     0.000 r  
    PS8_X0Y0             PS8                          0.000     0.000 r  radon_kria_acc_i/zynq_ultra_ps_e_0/inst/PS8_i/PLCLK[0]
                         net (fo=1, routed)           0.229     0.229    radon_kria_acc_i/zynq_ultra_ps_e_0/inst/pl_clk_unbuffered[0]
    BUFG_PS_X0Y80        BUFG_PS (Prop_BUFG_PS_I_O)
                                                      0.038     0.267 r  radon_kria_acc_i/zynq_ultra_ps_e_0/inst/buffer_pl_clk_0.PL_CLK_0_BUFG/O
    X0Y1 (CLOCK_ROOT)    net (fo=1897, routed)        2.093     2.360    radon_kria_acc_i/radon_kria_ip_0/inst/radon_kria_ip_v1_0_S00_AXI_inst/s00_axi_aclk
    SLICE_X4Y102         FDRE                                         r  radon_kria_acc_i/radon_kria_ip_0/inst/radon_kria_ip_v1_0_S00_AXI_inst/slv_reg0_reg[1]/C
  -------------------------------------------------------------------    -------------------
    SLICE_X4Y102         FDRE (Prop_HFF_SLICEM_C_Q)
                                                      0.114     2.474 f  radon_kria_acc_i/radon_kria_ip_0/inst/radon_kria_ip_v1_0_S00_AXI_inst/slv_reg0_reg[1]/Q
                         net (fo=116, routed)         2.199     4.673    radon_kria_acc_i/radon_kria_ip_0/inst/radon_kria_ip_v1_0_S00_AXI_inst/radon_inst/sampler_inst/mem_reg_bram_1[1]
    SLICE_X27Y153        FDCE                                         f  radon_kria_acc_i/radon_kria_ip_0/inst/radon_kria_ip_v1_0_S00_AXI_inst/radon_inst/sampler_inst/acc_sum_reg[11]/CLR
  -------------------------------------------------------------------    -------------------

                         (clock clk_pl_0 rise edge)
                                                     10.000    10.000 r  
    PS8_X0Y0             PS8                          0.000    10.000 r  radon_kria_acc_i/zynq_ultra_ps_e_0/inst/PS8_i/PLCLK[0]
                         net (fo=1, routed)           0.181    10.181    radon_kria_acc_i/zynq_ultra_ps_e_0/inst/pl_clk_unbuffered[0]
    BUFG_PS_X0Y80        BUFG_PS (Prop_BUFG_PS_I_O)
                                                      0.035    10.216 r  radon_kria_acc_i/zynq_ultra_ps_e_0/inst/buffer_pl_clk_0.PL_CLK_0_BUFG/O
    X0Y1 (CLOCK_ROOT)    net (fo=1897, routed)        2.087    12.303    radon_kria_acc_i/radon_kria_ip_0/inst/radon_kria_ip_v1_0_S00_AXI_inst/radon_inst/sampler_inst/s00_axi_aclk
    SLICE_X27Y153        FDCE                                         r  radon_kria_acc_i/radon_kria_ip_0/inst/radon_kria_ip_v1_0_S00_AXI_inst/radon_inst/sampler_inst/acc_sum_reg[11]/C
                         clock pessimism              0.141    12.444    
                         clock uncertainty           -0.160    12.284    
    SLICE_X27Y153        FDCE (Recov_CFF_SLICEL_C_CLR)
                                                     -0.093    12.191    radon_kria_acc_i/radon_kria_ip_0/inst/radon_kria_ip_v1_0_S00_AXI_inst/radon_inst/sampler_inst/acc_sum_reg[11]
  -------------------------------------------------------------------
                         required time                         12.191    
                         arrival time                          -4.673    
  -------------------------------------------------------------------
                         slack                                  7.518    

Slack (MET) :             7.518ns  (required time - arrival time)
  Source:                 radon_kria_acc_i/radon_kria_ip_0/inst/radon_kria_ip_v1_0_S00_AXI_inst/slv_reg0_reg[1]/C
                            (rising edge-triggered cell FDRE clocked by clk_pl_0  {rise@0.000ns fall@5.000ns period=10.000ns})
  Destination:            radon_kria_acc_i/radon_kria_ip_0/inst/radon_kria_ip_v1_0_S00_AXI_inst/radon_inst/sampler_inst/acc_sum_reg[12]/CLR
                            (recovery check against rising-edge clock clk_pl_0  {rise@0.000ns fall@5.000ns period=10.000ns})
  Path Group:             **async_default**
  Path Type:              Recovery (Max at Slow Process Corner)
  Requirement:            10.000ns  (clk_pl_0 rise@10.000ns - clk_pl_0 rise@0.000ns)
  Data Path Delay:        2.313ns  (logic 0.114ns (4.928%)  route 2.199ns (95.072%))
  Logic Levels:           0  
  Clock Path Skew:        0.084ns (DCD - SCD + CPR)
    Destination Clock Delay (DCD):    2.303ns = ( 12.303 - 10.000 ) 
    Source Clock Delay      (SCD):    2.360ns
    Clock Pessimism Removal (CPR):    0.141ns
  Clock Uncertainty:      0.160ns  ((TSJ^2 + DJ^2)^1/2) / 2 + PE
    Total System Jitter     (TSJ):    0.071ns
    Discrete Jitter          (DJ):    0.312ns
    Phase Error              (PE):    0.000ns
  Clock Net Delay (Source):      2.093ns (routing 1.045ns, distribution 1.048ns)
  Clock Net Delay (Destination): 2.087ns (routing 0.955ns, distribution 1.132ns)

    Location             Delay type                Incr(ns)  Path(ns)    Netlist Resource(s)
  -------------------------------------------------------------------    -------------------
                         (clock clk_pl_0 rise edge)
                                                      0.000     0.000 r  
    PS8_X0Y0             PS8                          0.000     0.000 r  radon_kria_acc_i/zynq_ultra_ps_e_0/inst/PS8_i/PLCLK[0]
                         net (fo=1, routed)           0.229     0.229    radon_kria_acc_i/zynq_ultra_ps_e_0/inst/pl_clk_unbuffered[0]
    BUFG_PS_X0Y80        BUFG_PS (Prop_BUFG_PS_I_O)
                                                      0.038     0.267 r  radon_kria_acc_i/zynq_ultra_ps_e_0/inst/buffer_pl_clk_0.PL_CLK_0_BUFG/O
    X0Y1 (CLOCK_ROOT)    net (fo=1897, routed)        2.093     2.360    radon_kria_acc_i/radon_kria_ip_0/inst/radon_kria_ip_v1_0_S00_AXI_inst/s00_axi_aclk
    SLICE_X4Y102         FDRE                                         r  radon_kria_acc_i/radon_kria_ip_0/inst/radon_kria_ip_v1_0_S00_AXI_inst/slv_reg0_reg[1]/C
  -------------------------------------------------------------------    -------------------
    SLICE_X4Y102         FDRE (Prop_HFF_SLICEM_C_Q)
                                                      0.114     2.474 f  radon_kria_acc_i/radon_kria_ip_0/inst/radon_kria_ip_v1_0_S00_AXI_inst/slv_reg0_reg[1]/Q
                         net (fo=116, routed)         2.199     4.673    radon_kria_acc_i/radon_kria_ip_0/inst/radon_kria_ip_v1_0_S00_AXI_inst/radon_inst/sampler_inst/mem_reg_bram_1[1]
    SLICE_X27Y153        FDCE                                         f  radon_kria_acc_i/radon_kria_ip_0/inst/radon_kria_ip_v1_0_S00_AXI_inst/radon_inst/sampler_inst/acc_sum_reg[12]/CLR
  -------------------------------------------------------------------    -------------------

                         (clock clk_pl_0 rise edge)
                                                     10.000    10.000 r  
    PS8_X0Y0             PS8                          0.000    10.000 r  radon_kria_acc_i/zynq_ultra_ps_e_0/inst/PS8_i/PLCLK[0]
                         net (fo=1, routed)           0.181    10.181    radon_kria_acc_i/zynq_ultra_ps_e_0/inst/pl_clk_unbuffered[0]
    BUFG_PS_X0Y80        BUFG_PS (Prop_BUFG_PS_I_O)
                                                      0.035    10.216 r  radon_kria_acc_i/zynq_ultra_ps_e_0/inst/buffer_pl_clk_0.PL_CLK_0_BUFG/O
    X0Y1 (CLOCK_ROOT)    net (fo=1897, routed)        2.087    12.303    radon_kria_acc_i/radon_kria_ip_0/inst/radon_kria_ip_v1_0_S00_AXI_inst/radon_inst/sampler_inst/s00_axi_aclk
    SLICE_X27Y153        FDCE                                         r  radon_kria_acc_i/radon_kria_ip_0/inst/radon_kria_ip_v1_0_S00_AXI_inst/radon_inst/sampler_inst/acc_sum_reg[12]/C
                         clock pessimism              0.141    12.444    
                         clock uncertainty           -0.160    12.284    
    SLICE_X27Y153        FDCE (Recov_CFF2_SLICEL_C_CLR)
                                                     -0.093    12.191    radon_kria_acc_i/radon_kria_ip_0/inst/radon_kria_ip_v1_0_S00_AXI_inst/radon_inst/sampler_inst/acc_sum_reg[12]
  -------------------------------------------------------------------
                         required time                         12.191    
                         arrival time                          -4.673    
  -------------------------------------------------------------------
                         slack                                  7.518    

Slack (MET) :             7.518ns  (required time - arrival time)
  Source:                 radon_kria_acc_i/radon_kria_ip_0/inst/radon_kria_ip_v1_0_S00_AXI_inst/slv_reg0_reg[1]/C
                            (rising edge-triggered cell FDRE clocked by clk_pl_0  {rise@0.000ns fall@5.000ns period=10.000ns})
  Destination:            radon_kria_acc_i/radon_kria_ip_0/inst/radon_kria_ip_v1_0_S00_AXI_inst/radon_inst/sampler_inst/acc_sum_reg[13]/CLR
                            (recovery check against rising-edge clock clk_pl_0  {rise@0.000ns fall@5.000ns period=10.000ns})
  Path Group:             **async_default**
  Path Type:              Recovery (Max at Slow Process Corner)
  Requirement:            10.000ns  (clk_pl_0 rise@10.000ns - clk_pl_0 rise@0.000ns)
  Data Path Delay:        2.313ns  (logic 0.114ns (4.928%)  route 2.199ns (95.072%))
  Logic Levels:           0  
  Clock Path Skew:        0.084ns (DCD - SCD + CPR)
    Destination Clock Delay (DCD):    2.303ns = ( 12.303 - 10.000 ) 
    Source Clock Delay      (SCD):    2.360ns
    Clock Pessimism Removal (CPR):    0.141ns
  Clock Uncertainty:      0.160ns  ((TSJ^2 + DJ^2)^1/2) / 2 + PE
    Total System Jitter     (TSJ):    0.071ns
    Discrete Jitter          (DJ):    0.312ns
    Phase Error              (PE):    0.000ns
  Clock Net Delay (Source):      2.093ns (routing 1.045ns, distribution 1.048ns)
  Clock Net Delay (Destination): 2.087ns (routing 0.955ns, distribution 1.132ns)

    Location             Delay type                Incr(ns)  Path(ns)    Netlist Resource(s)
  -------------------------------------------------------------------    -------------------
                         (clock clk_pl_0 rise edge)
                                                      0.000     0.000 r  
    PS8_X0Y0             PS8                          0.000     0.000 r  radon_kria_acc_i/zynq_ultra_ps_e_0/inst/PS8_i/PLCLK[0]
                         net (fo=1, routed)           0.229     0.229    radon_kria_acc_i/zynq_ultra_ps_e_0/inst/pl_clk_unbuffered[0]
    BUFG_PS_X0Y80        BUFG_PS (Prop_BUFG_PS_I_O)
                                                      0.038     0.267 r  radon_kria_acc_i/zynq_ultra_ps_e_0/inst/buffer_pl_clk_0.PL_CLK_0_BUFG/O
    X0Y1 (CLOCK_ROOT)    net (fo=1897, routed)        2.093     2.360    radon_kria_acc_i/radon_kria_ip_0/inst/radon_kria_ip_v1_0_S00_AXI_inst/s00_axi_aclk
    SLICE_X4Y102         FDRE                                         r  radon_kria_acc_i/radon_kria_ip_0/inst/radon_kria_ip_v1_0_S00_AXI_inst/slv_reg0_reg[1]/C
  -------------------------------------------------------------------    -------------------
    SLICE_X4Y102         FDRE (Prop_HFF_SLICEM_C_Q)
                                                      0.114     2.474 f  radon_kria_acc_i/radon_kria_ip_0/inst/radon_kria_ip_v1_0_S00_AXI_inst/slv_reg0_reg[1]/Q
                         net (fo=116, routed)         2.199     4.673    radon_kria_acc_i/radon_kria_ip_0/inst/radon_kria_ip_v1_0_S00_AXI_inst/radon_inst/sampler_inst/mem_reg_bram_1[1]
    SLICE_X27Y153        FDCE                                         f  radon_kria_acc_i/radon_kria_ip_0/inst/radon_kria_ip_v1_0_S00_AXI_inst/radon_inst/sampler_inst/acc_sum_reg[13]/CLR
  -------------------------------------------------------------------    -------------------

                         (clock clk_pl_0 rise edge)
                                                     10.000    10.000 r  
    PS8_X0Y0             PS8                          0.000    10.000 r  radon_kria_acc_i/zynq_ultra_ps_e_0/inst/PS8_i/PLCLK[0]
                         net (fo=1, routed)           0.181    10.181    radon_kria_acc_i/zynq_ultra_ps_e_0/inst/pl_clk_unbuffered[0]
    BUFG_PS_X0Y80        BUFG_PS (Prop_BUFG_PS_I_O)
                                                      0.035    10.216 r  radon_kria_acc_i/zynq_ultra_ps_e_0/inst/buffer_pl_clk_0.PL_CLK_0_BUFG/O
    X0Y1 (CLOCK_ROOT)    net (fo=1897, routed)        2.087    12.303    radon_kria_acc_i/radon_kria_ip_0/inst/radon_kria_ip_v1_0_S00_AXI_inst/radon_inst/sampler_inst/s00_axi_aclk
    SLICE_X27Y153        FDCE                                         r  radon_kria_acc_i/radon_kria_ip_0/inst/radon_kria_ip_v1_0_S00_AXI_inst/radon_inst/sampler_inst/acc_sum_reg[13]/C
                         clock pessimism              0.141    12.444    
                         clock uncertainty           -0.160    12.284    
    SLICE_X27Y153        FDCE (Recov_BFF_SLICEL_C_CLR)
                                                     -0.093    12.191    radon_kria_acc_i/radon_kria_ip_0/inst/radon_kria_ip_v1_0_S00_AXI_inst/radon_inst/sampler_inst/acc_sum_reg[13]
  -------------------------------------------------------------------
                         required time                         12.191    
                         arrival time                          -4.673    
  -------------------------------------------------------------------
                         slack                                  7.518    

Slack (MET) :             7.518ns  (required time - arrival time)
  Source:                 radon_kria_acc_i/radon_kria_ip_0/inst/radon_kria_ip_v1_0_S00_AXI_inst/slv_reg0_reg[1]/C
                            (rising edge-triggered cell FDRE clocked by clk_pl_0  {rise@0.000ns fall@5.000ns period=10.000ns})
  Destination:            radon_kria_acc_i/radon_kria_ip_0/inst/radon_kria_ip_v1_0_S00_AXI_inst/radon_inst/sampler_inst/acc_sum_reg[14]/CLR
                            (recovery check against rising-edge clock clk_pl_0  {rise@0.000ns fall@5.000ns period=10.000ns})
  Path Group:             **async_default**
  Path Type:              Recovery (Max at Slow Process Corner)
  Requirement:            10.000ns  (clk_pl_0 rise@10.000ns - clk_pl_0 rise@0.000ns)
  Data Path Delay:        2.313ns  (logic 0.114ns (4.928%)  route 2.199ns (95.072%))
  Logic Levels:           0  
  Clock Path Skew:        0.084ns (DCD - SCD + CPR)
    Destination Clock Delay (DCD):    2.303ns = ( 12.303 - 10.000 ) 
    Source Clock Delay      (SCD):    2.360ns
    Clock Pessimism Removal (CPR):    0.141ns
  Clock Uncertainty:      0.160ns  ((TSJ^2 + DJ^2)^1/2) / 2 + PE
    Total System Jitter     (TSJ):    0.071ns
    Discrete Jitter          (DJ):    0.312ns
    Phase Error              (PE):    0.000ns
  Clock Net Delay (Source):      2.093ns (routing 1.045ns, distribution 1.048ns)
  Clock Net Delay (Destination): 2.087ns (routing 0.955ns, distribution 1.132ns)

    Location             Delay type                Incr(ns)  Path(ns)    Netlist Resource(s)
  -------------------------------------------------------------------    -------------------
                         (clock clk_pl_0 rise edge)
                                                      0.000     0.000 r  
    PS8_X0Y0             PS8                          0.000     0.000 r  radon_kria_acc_i/zynq_ultra_ps_e_0/inst/PS8_i/PLCLK[0]
                         net (fo=1, routed)           0.229     0.229    radon_kria_acc_i/zynq_ultra_ps_e_0/inst/pl_clk_unbuffered[0]
    BUFG_PS_X0Y80        BUFG_PS (Prop_BUFG_PS_I_O)
                                                      0.038     0.267 r  radon_kria_acc_i/zynq_ultra_ps_e_0/inst/buffer_pl_clk_0.PL_CLK_0_BUFG/O
    X0Y1 (CLOCK_ROOT)    net (fo=1897, routed)        2.093     2.360    radon_kria_acc_i/radon_kria_ip_0/inst/radon_kria_ip_v1_0_S00_AXI_inst/s00_axi_aclk
    SLICE_X4Y102         FDRE                                         r  radon_kria_acc_i/radon_kria_ip_0/inst/radon_kria_ip_v1_0_S00_AXI_inst/slv_reg0_reg[1]/C
  -------------------------------------------------------------------    -------------------
    SLICE_X4Y102         FDRE (Prop_HFF_SLICEM_C_Q)
                                                      0.114     2.474 f  radon_kria_acc_i/radon_kria_ip_0/inst/radon_kria_ip_v1_0_S00_AXI_inst/slv_reg0_reg[1]/Q
                         net (fo=116, routed)         2.199     4.673    radon_kria_acc_i/radon_kria_ip_0/inst/radon_kria_ip_v1_0_S00_AXI_inst/radon_inst/sampler_inst/mem_reg_bram_1[1]
    SLICE_X27Y153        FDCE                                         f  radon_kria_acc_i/radon_kria_ip_0/inst/radon_kria_ip_v1_0_S00_AXI_inst/radon_inst/sampler_inst/acc_sum_reg[14]/CLR
  -------------------------------------------------------------------    -------------------

                         (clock clk_pl_0 rise edge)
                                                     10.000    10.000 r  
    PS8_X0Y0             PS8                          0.000    10.000 r  radon_kria_acc_i/zynq_ultra_ps_e_0/inst/PS8_i/PLCLK[0]
                         net (fo=1, routed)           0.181    10.181    radon_kria_acc_i/zynq_ultra_ps_e_0/inst/pl_clk_unbuffered[0]
    BUFG_PS_X0Y80        BUFG_PS (Prop_BUFG_PS_I_O)
                                                      0.035    10.216 r  radon_kria_acc_i/zynq_ultra_ps_e_0/inst/buffer_pl_clk_0.PL_CLK_0_BUFG/O
    X0Y1 (CLOCK_ROOT)    net (fo=1897, routed)        2.087    12.303    radon_kria_acc_i/radon_kria_ip_0/inst/radon_kria_ip_v1_0_S00_AXI_inst/radon_inst/sampler_inst/s00_axi_aclk
    SLICE_X27Y153        FDCE                                         r  radon_kria_acc_i/radon_kria_ip_0/inst/radon_kria_ip_v1_0_S00_AXI_inst/radon_inst/sampler_inst/acc_sum_reg[14]/C
                         clock pessimism              0.141    12.444    
                         clock uncertainty           -0.160    12.284    
    SLICE_X27Y153        FDCE (Recov_BFF2_SLICEL_C_CLR)
                                                     -0.093    12.191    radon_kria_acc_i/radon_kria_ip_0/inst/radon_kria_ip_v1_0_S00_AXI_inst/radon_inst/sampler_inst/acc_sum_reg[14]
  -------------------------------------------------------------------
                         required time                         12.191    
                         arrival time                          -4.673    
  -------------------------------------------------------------------
                         slack                                  7.518    

Slack (MET) :             7.518ns  (required time - arrival time)
  Source:                 radon_kria_acc_i/radon_kria_ip_0/inst/radon_kria_ip_v1_0_S00_AXI_inst/slv_reg0_reg[1]/C
                            (rising edge-triggered cell FDRE clocked by clk_pl_0  {rise@0.000ns fall@5.000ns period=10.000ns})
  Destination:            radon_kria_acc_i/radon_kria_ip_0/inst/radon_kria_ip_v1_0_S00_AXI_inst/radon_inst/sampler_inst/acc_sum_reg[7]/CLR
                            (recovery check against rising-edge clock clk_pl_0  {rise@0.000ns fall@5.000ns period=10.000ns})
  Path Group:             **async_default**
  Path Type:              Recovery (Max at Slow Process Corner)
  Requirement:            10.000ns  (clk_pl_0 rise@10.000ns - clk_pl_0 rise@0.000ns)
  Data Path Delay:        2.313ns  (logic 0.114ns (4.928%)  route 2.199ns (95.072%))
  Logic Levels:           0  
  Clock Path Skew:        0.084ns (DCD - SCD + CPR)
    Destination Clock Delay (DCD):    2.303ns = ( 12.303 - 10.000 ) 
    Source Clock Delay      (SCD):    2.360ns
    Clock Pessimism Removal (CPR):    0.141ns
  Clock Uncertainty:      0.160ns  ((TSJ^2 + DJ^2)^1/2) / 2 + PE
    Total System Jitter     (TSJ):    0.071ns
    Discrete Jitter          (DJ):    0.312ns
    Phase Error              (PE):    0.000ns
  Clock Net Delay (Source):      2.093ns (routing 1.045ns, distribution 1.048ns)
  Clock Net Delay (Destination): 2.087ns (routing 0.955ns, distribution 1.132ns)

    Location             Delay type                Incr(ns)  Path(ns)    Netlist Resource(s)
  -------------------------------------------------------------------    -------------------
                         (clock clk_pl_0 rise edge)
                                                      0.000     0.000 r  
    PS8_X0Y0             PS8                          0.000     0.000 r  radon_kria_acc_i/zynq_ultra_ps_e_0/inst/PS8_i/PLCLK[0]
                         net (fo=1, routed)           0.229     0.229    radon_kria_acc_i/zynq_ultra_ps_e_0/inst/pl_clk_unbuffered[0]
    BUFG_PS_X0Y80        BUFG_PS (Prop_BUFG_PS_I_O)
                                                      0.038     0.267 r  radon_kria_acc_i/zynq_ultra_ps_e_0/inst/buffer_pl_clk_0.PL_CLK_0_BUFG/O
    X0Y1 (CLOCK_ROOT)    net (fo=1897, routed)        2.093     2.360    radon_kria_acc_i/radon_kria_ip_0/inst/radon_kria_ip_v1_0_S00_AXI_inst/s00_axi_aclk
    SLICE_X4Y102         FDRE                                         r  radon_kria_acc_i/radon_kria_ip_0/inst/radon_kria_ip_v1_0_S00_AXI_inst/slv_reg0_reg[1]/C
  -------------------------------------------------------------------    -------------------
    SLICE_X4Y102         FDRE (Prop_HFF_SLICEM_C_Q)
                                                      0.114     2.474 f  radon_kria_acc_i/radon_kria_ip_0/inst/radon_kria_ip_v1_0_S00_AXI_inst/slv_reg0_reg[1]/Q
                         net (fo=116, routed)         2.199     4.673    radon_kria_acc_i/radon_kria_ip_0/inst/radon_kria_ip_v1_0_S00_AXI_inst/radon_inst/sampler_inst/mem_reg_bram_1[1]
    SLICE_X27Y153        FDCE                                         f  radon_kria_acc_i/radon_kria_ip_0/inst/radon_kria_ip_v1_0_S00_AXI_inst/radon_inst/sampler_inst/acc_sum_reg[7]/CLR
  -------------------------------------------------------------------    -------------------

                         (clock clk_pl_0 rise edge)
                                                     10.000    10.000 r  
    PS8_X0Y0             PS8                          0.000    10.000 r  radon_kria_acc_i/zynq_ultra_ps_e_0/inst/PS8_i/PLCLK[0]
                         net (fo=1, routed)           0.181    10.181    radon_kria_acc_i/zynq_ultra_ps_e_0/inst/pl_clk_unbuffered[0]
    BUFG_PS_X0Y80        BUFG_PS (Prop_BUFG_PS_I_O)
                                                      0.035    10.216 r  radon_kria_acc_i/zynq_ultra_ps_e_0/inst/buffer_pl_clk_0.PL_CLK_0_BUFG/O
    X0Y1 (CLOCK_ROOT)    net (fo=1897, routed)        2.087    12.303    radon_kria_acc_i/radon_kria_ip_0/inst/radon_kria_ip_v1_0_S00_AXI_inst/radon_inst/sampler_inst/s00_axi_aclk
    SLICE_X27Y153        FDCE                                         r  radon_kria_acc_i/radon_kria_ip_0/inst/radon_kria_ip_v1_0_S00_AXI_inst/radon_inst/sampler_inst/acc_sum_reg[7]/C
                         clock pessimism              0.141    12.444    
                         clock uncertainty           -0.160    12.284    
    SLICE_X27Y153        FDCE (Recov_AFF_SLICEL_C_CLR)
                                                     -0.093    12.191    radon_kria_acc_i/radon_kria_ip_0/inst/radon_kria_ip_v1_0_S00_AXI_inst/radon_inst/sampler_inst/acc_sum_reg[7]
  -------------------------------------------------------------------
                         required time                         12.191    
                         arrival time                          -4.673    
  -------------------------------------------------------------------
                         slack                                  7.518    

Slack (MET) :             7.518ns  (required time - arrival time)
  Source:                 radon_kria_acc_i/radon_kria_ip_0/inst/radon_kria_ip_v1_0_S00_AXI_inst/slv_reg0_reg[1]/C
                            (rising edge-triggered cell FDRE clocked by clk_pl_0  {rise@0.000ns fall@5.000ns period=10.000ns})
  Destination:            radon_kria_acc_i/radon_kria_ip_0/inst/radon_kria_ip_v1_0_S00_AXI_inst/radon_inst/sampler_inst/acc_sum_reg[8]/CLR
                            (recovery check against rising-edge clock clk_pl_0  {rise@0.000ns fall@5.000ns period=10.000ns})
  Path Group:             **async_default**
  Path Type:              Recovery (Max at Slow Process Corner)
  Requirement:            10.000ns  (clk_pl_0 rise@10.000ns - clk_pl_0 rise@0.000ns)
  Data Path Delay:        2.313ns  (logic 0.114ns (4.928%)  route 2.199ns (95.072%))
  Logic Levels:           0  
  Clock Path Skew:        0.084ns (DCD - SCD + CPR)
    Destination Clock Delay (DCD):    2.303ns = ( 12.303 - 10.000 ) 
    Source Clock Delay      (SCD):    2.360ns
    Clock Pessimism Removal (CPR):    0.141ns
  Clock Uncertainty:      0.160ns  ((TSJ^2 + DJ^2)^1/2) / 2 + PE
    Total System Jitter     (TSJ):    0.071ns
    Discrete Jitter          (DJ):    0.312ns
    Phase Error              (PE):    0.000ns
  Clock Net Delay (Source):      2.093ns (routing 1.045ns, distribution 1.048ns)
  Clock Net Delay (Destination): 2.087ns (routing 0.955ns, distribution 1.132ns)

    Location             Delay type                Incr(ns)  Path(ns)    Netlist Resource(s)
  -------------------------------------------------------------------    -------------------
                         (clock clk_pl_0 rise edge)
                                                      0.000     0.000 r  
    PS8_X0Y0             PS8                          0.000     0.000 r  radon_kria_acc_i/zynq_ultra_ps_e_0/inst/PS8_i/PLCLK[0]
                         net (fo=1, routed)           0.229     0.229    radon_kria_acc_i/zynq_ultra_ps_e_0/inst/pl_clk_unbuffered[0]
    BUFG_PS_X0Y80        BUFG_PS (Prop_BUFG_PS_I_O)
                                                      0.038     0.267 r  radon_kria_acc_i/zynq_ultra_ps_e_0/inst/buffer_pl_clk_0.PL_CLK_0_BUFG/O
    X0Y1 (CLOCK_ROOT)    net (fo=1897, routed)        2.093     2.360    radon_kria_acc_i/radon_kria_ip_0/inst/radon_kria_ip_v1_0_S00_AXI_inst/s00_axi_aclk
    SLICE_X4Y102         FDRE                                         r  radon_kria_acc_i/radon_kria_ip_0/inst/radon_kria_ip_v1_0_S00_AXI_inst/slv_reg0_reg[1]/C
  -------------------------------------------------------------------    -------------------
    SLICE_X4Y102         FDRE (Prop_HFF_SLICEM_C_Q)
                                                      0.114     2.474 f  radon_kria_acc_i/radon_kria_ip_0/inst/radon_kria_ip_v1_0_S00_AXI_inst/slv_reg0_reg[1]/Q
                         net (fo=116, routed)         2.199     4.673    radon_kria_acc_i/radon_kria_ip_0/inst/radon_kria_ip_v1_0_S00_AXI_inst/radon_inst/sampler_inst/mem_reg_bram_1[1]
    SLICE_X27Y153        FDCE                                         f  radon_kria_acc_i/radon_kria_ip_0/inst/radon_kria_ip_v1_0_S00_AXI_inst/radon_inst/sampler_inst/acc_sum_reg[8]/CLR
  -------------------------------------------------------------------    -------------------

                         (clock clk_pl_0 rise edge)
                                                     10.000    10.000 r  
    PS8_X0Y0             PS8                          0.000    10.000 r  radon_kria_acc_i/zynq_ultra_ps_e_0/inst/PS8_i/PLCLK[0]
                         net (fo=1, routed)           0.181    10.181    radon_kria_acc_i/zynq_ultra_ps_e_0/inst/pl_clk_unbuffered[0]
    BUFG_PS_X0Y80        BUFG_PS (Prop_BUFG_PS_I_O)
                                                      0.035    10.216 r  radon_kria_acc_i/zynq_ultra_ps_e_0/inst/buffer_pl_clk_0.PL_CLK_0_BUFG/O
    X0Y1 (CLOCK_ROOT)    net (fo=1897, routed)        2.087    12.303    radon_kria_acc_i/radon_kria_ip_0/inst/radon_kria_ip_v1_0_S00_AXI_inst/radon_inst/sampler_inst/s00_axi_aclk
    SLICE_X27Y153        FDCE                                         r  radon_kria_acc_i/radon_kria_ip_0/inst/radon_kria_ip_v1_0_S00_AXI_inst/radon_inst/sampler_inst/acc_sum_reg[8]/C
                         clock pessimism              0.141    12.444    
                         clock uncertainty           -0.160    12.284    
    SLICE_X27Y153        FDCE (Recov_AFF2_SLICEL_C_CLR)
                                                     -0.093    12.191    radon_kria_acc_i/radon_kria_ip_0/inst/radon_kria_ip_v1_0_S00_AXI_inst/radon_inst/sampler_inst/acc_sum_reg[8]
  -------------------------------------------------------------------
                         required time                         12.191    
                         arrival time                          -4.673    
  -------------------------------------------------------------------
                         slack                                  7.518    

Slack (MET) :             7.518ns  (required time - arrival time)
  Source:                 radon_kria_acc_i/radon_kria_ip_0/inst/radon_kria_ip_v1_0_S00_AXI_inst/slv_reg0_reg[1]/C
                            (rising edge-triggered cell FDRE clocked by clk_pl_0  {rise@0.000ns fall@5.000ns period=10.000ns})
  Destination:            radon_kria_acc_i/radon_kria_ip_0/inst/radon_kria_ip_v1_0_S00_AXI_inst/radon_inst/sampler_inst/acc_sum_reg[9]/CLR
                            (recovery check against rising-edge clock clk_pl_0  {rise@0.000ns fall@5.000ns period=10.000ns})
  Path Group:             **async_default**
  Path Type:              Recovery (Max at Slow Process Corner)
  Requirement:            10.000ns  (clk_pl_0 rise@10.000ns - clk_pl_0 rise@0.000ns)
  Data Path Delay:        2.313ns  (logic 0.114ns (4.928%)  route 2.199ns (95.072%))
  Logic Levels:           0  
  Clock Path Skew:        0.084ns (DCD - SCD + CPR)
    Destination Clock Delay (DCD):    2.303ns = ( 12.303 - 10.000 ) 
    Source Clock Delay      (SCD):    2.360ns
    Clock Pessimism Removal (CPR):    0.141ns
  Clock Uncertainty:      0.160ns  ((TSJ^2 + DJ^2)^1/2) / 2 + PE
    Total System Jitter     (TSJ):    0.071ns
    Discrete Jitter          (DJ):    0.312ns
    Phase Error              (PE):    0.000ns
  Clock Net Delay (Source):      2.093ns (routing 1.045ns, distribution 1.048ns)
  Clock Net Delay (Destination): 2.087ns (routing 0.955ns, distribution 1.132ns)

    Location             Delay type                Incr(ns)  Path(ns)    Netlist Resource(s)
  -------------------------------------------------------------------    -------------------
                         (clock clk_pl_0 rise edge)
                                                      0.000     0.000 r  
    PS8_X0Y0             PS8                          0.000     0.000 r  radon_kria_acc_i/zynq_ultra_ps_e_0/inst/PS8_i/PLCLK[0]
                         net (fo=1, routed)           0.229     0.229    radon_kria_acc_i/zynq_ultra_ps_e_0/inst/pl_clk_unbuffered[0]
    BUFG_PS_X0Y80        BUFG_PS (Prop_BUFG_PS_I_O)
                                                      0.038     0.267 r  radon_kria_acc_i/zynq_ultra_ps_e_0/inst/buffer_pl_clk_0.PL_CLK_0_BUFG/O
    X0Y1 (CLOCK_ROOT)    net (fo=1897, routed)        2.093     2.360    radon_kria_acc_i/radon_kria_ip_0/inst/radon_kria_ip_v1_0_S00_AXI_inst/s00_axi_aclk
    SLICE_X4Y102         FDRE                                         r  radon_kria_acc_i/radon_kria_ip_0/inst/radon_kria_ip_v1_0_S00_AXI_inst/slv_reg0_reg[1]/C
  -------------------------------------------------------------------    -------------------
    SLICE_X4Y102         FDRE (Prop_HFF_SLICEM_C_Q)
                                                      0.114     2.474 f  radon_kria_acc_i/radon_kria_ip_0/inst/radon_kria_ip_v1_0_S00_AXI_inst/slv_reg0_reg[1]/Q
                         net (fo=116, routed)         2.199     4.673    radon_kria_acc_i/radon_kria_ip_0/inst/radon_kria_ip_v1_0_S00_AXI_inst/radon_inst/sampler_inst/mem_reg_bram_1[1]
    SLICE_X27Y153        FDCE                                         f  radon_kria_acc_i/radon_kria_ip_0/inst/radon_kria_ip_v1_0_S00_AXI_inst/radon_inst/sampler_inst/acc_sum_reg[9]/CLR
  -------------------------------------------------------------------    -------------------

                         (clock clk_pl_0 rise edge)
                                                     10.000    10.000 r  
    PS8_X0Y0             PS8                          0.000    10.000 r  radon_kria_acc_i/zynq_ultra_ps_e_0/inst/PS8_i/PLCLK[0]
                         net (fo=1, routed)           0.181    10.181    radon_kria_acc_i/zynq_ultra_ps_e_0/inst/pl_clk_unbuffered[0]
    BUFG_PS_X0Y80        BUFG_PS (Prop_BUFG_PS_I_O)
                                                      0.035    10.216 r  radon_kria_acc_i/zynq_ultra_ps_e_0/inst/buffer_pl_clk_0.PL_CLK_0_BUFG/O
    X0Y1 (CLOCK_ROOT)    net (fo=1897, routed)        2.087    12.303    radon_kria_acc_i/radon_kria_ip_0/inst/radon_kria_ip_v1_0_S00_AXI_inst/radon_inst/sampler_inst/s00_axi_aclk
    SLICE_X27Y153        FDCE                                         r  radon_kria_acc_i/radon_kria_ip_0/inst/radon_kria_ip_v1_0_S00_AXI_inst/radon_inst/sampler_inst/acc_sum_reg[9]/C
                         clock pessimism              0.141    12.444    
                         clock uncertainty           -0.160    12.284    
    SLICE_X27Y153        FDCE (Recov_DFF2_SLICEL_C_CLR)
                                                     -0.093    12.191    radon_kria_acc_i/radon_kria_ip_0/inst/radon_kria_ip_v1_0_S00_AXI_inst/radon_inst/sampler_inst/acc_sum_reg[9]
  -------------------------------------------------------------------
                         required time                         12.191    
                         arrival time                          -4.673    
  -------------------------------------------------------------------
                         slack                                  7.518    





Min Delay Paths
--------------------------------------------------------------------------------------
Slack (MET) :             0.288ns  (arrival time - required time)
  Source:                 radon_kria_acc_i/axi_interconnect_0/s00_couplers/auto_ds/inst/gen_downsizer.gen_simple_downsizer.axi_downsizer_inst/USE_READ.read_addr_inst/cmd_queue/inst/fifo_gen_inst/inst_fifo_gen/gconvfifo.rf/grf.rf/rstblk/ngwrdrst.grst.g7serrst.gnsckt_wrst.gcc_rst.sckt_wr_rst_cc_reg[0]/C
                            (rising edge-triggered cell FDRE clocked by clk_pl_0  {rise@0.000ns fall@5.000ns period=10.000ns})
  Destination:            radon_kria_acc_i/axi_interconnect_0/s00_couplers/auto_ds/inst/gen_downsizer.gen_simple_downsizer.axi_downsizer_inst/USE_READ.read_addr_inst/cmd_queue/inst/fifo_gen_inst/inst_fifo_gen/gconvfifo.rf/grf.rf/gntv_or_sync_fifo.gl0.wr/gwss.wsts/ram_full_i_reg/CLR
                            (removal check against rising-edge clock clk_pl_0  {rise@0.000ns fall@5.000ns period=10.000ns})
  Path Group:             **async_default**
  Path Type:              Removal (Min at Fast Process Corner)
  Requirement:            0.000ns  (clk_pl_0 rise@0.000ns - clk_pl_0 rise@0.000ns)
  Data Path Delay:        0.300ns  (logic 0.172ns (57.305%)  route 0.128ns (42.695%))
  Logic Levels:           1  (LUT3=1)
  Clock Path Skew:        0.030ns (DCD - SCD - CPR)
    Destination Clock Delay (DCD):    1.430ns
    Source Clock Delay      (SCD):    1.298ns
    Clock Pessimism Removal (CPR):    0.102ns
  Clock Net Delay (Source):      1.147ns (routing 0.572ns, distribution 0.575ns)
  Clock Net Delay (Destination): 1.243ns (routing 0.623ns, distribution 0.620ns)

    Location             Delay type                Incr(ns)  Path(ns)    Netlist Resource(s)
  -------------------------------------------------------------------    -------------------
                         (clock clk_pl_0 rise edge)
                                                      0.000     0.000 r  
    PS8_X0Y0             PS8                          0.000     0.000 r  radon_kria_acc_i/zynq_ultra_ps_e_0/inst/PS8_i/PLCLK[0]
                         net (fo=1, routed)           0.129     0.129    radon_kria_acc_i/zynq_ultra_ps_e_0/inst/pl_clk_unbuffered[0]
    BUFG_PS_X0Y80        BUFG_PS (Prop_BUFG_PS_I_O)
                                                      0.022     0.151 r  radon_kria_acc_i/zynq_ultra_ps_e_0/inst/buffer_pl_clk_0.PL_CLK_0_BUFG/O
    X0Y1 (CLOCK_ROOT)    net (fo=1897, routed)        1.147     1.298    radon_kria_acc_i/axi_interconnect_0/s00_couplers/auto_ds/inst/gen_downsizer.gen_simple_downsizer.axi_downsizer_inst/USE_READ.read_addr_inst/cmd_queue/inst/fifo_gen_inst/inst_fifo_gen/gconvfifo.rf/grf.rf/rstblk/clk
    SLICE_X5Y107         FDRE                                         r  radon_kria_acc_i/axi_interconnect_0/s00_couplers/auto_ds/inst/gen_downsizer.gen_simple_downsizer.axi_downsizer_inst/USE_READ.read_addr_inst/cmd_queue/inst/fifo_gen_inst/inst_fifo_gen/gconvfifo.rf/grf.rf/rstblk/ngwrdrst.grst.g7serrst.gnsckt_wrst.gcc_rst.sckt_wr_rst_cc_reg[0]/C
  -------------------------------------------------------------------    -------------------
    SLICE_X5Y107         FDRE (Prop_EFF_SLICEM_C_Q)
                                                      0.082     1.380 f  radon_kria_acc_i/axi_interconnect_0/s00_couplers/auto_ds/inst/gen_downsizer.gen_simple_downsizer.axi_downsizer_inst/USE_READ.read_addr_inst/cmd_queue/inst/fifo_gen_inst/inst_fifo_gen/gconvfifo.rf/grf.rf/rstblk/ngwrdrst.grst.g7serrst.gnsckt_wrst.gcc_rst.sckt_wr_rst_cc_reg[0]/Q
                         net (fo=3, routed)           0.032     1.412    radon_kria_acc_i/axi_interconnect_0/s00_couplers/auto_ds/inst/gen_downsizer.gen_simple_downsizer.axi_downsizer_inst/USE_READ.read_addr_inst/cmd_queue/inst/fifo_gen_inst/inst_fifo_gen/gconvfifo.rf/grf.rf/rstblk/ngwrdrst.grst.g7serrst.gnsckt_wrst.gcc_rst.sckt_wr_rst_cc[0]
    SLICE_X5Y107         LUT3 (Prop_G6LUT_SLICEM_I1_O)
                                                      0.090     1.502 f  radon_kria_acc_i/axi_interconnect_0/s00_couplers/auto_ds/inst/gen_downsizer.gen_simple_downsizer.axi_downsizer_inst/USE_READ.read_addr_inst/cmd_queue/inst/fifo_gen_inst/inst_fifo_gen/gconvfifo.rf/grf.rf/rstblk/gpregsm1.curr_fwft_state[1]_i_2/O
                         net (fo=32, routed)          0.096     1.598    radon_kria_acc_i/axi_interconnect_0/s00_couplers/auto_ds/inst/gen_downsizer.gen_simple_downsizer.axi_downsizer_inst/USE_READ.read_addr_inst/cmd_queue/inst/fifo_gen_inst/inst_fifo_gen/gconvfifo.rf/grf.rf/gntv_or_sync_fifo.gl0.wr/gwss.wsts/AR[0]
    SLICE_X4Y107         FDCE                                         f  radon_kria_acc_i/axi_interconnect_0/s00_couplers/auto_ds/inst/gen_downsizer.gen_simple_downsizer.axi_downsizer_inst/USE_READ.read_addr_inst/cmd_queue/inst/fifo_gen_inst/inst_fifo_gen/gconvfifo.rf/grf.rf/gntv_or_sync_fifo.gl0.wr/gwss.wsts/ram_full_i_reg/CLR
  -------------------------------------------------------------------    -------------------

                         (clock clk_pl_0 rise edge)
                                                      0.000     0.000 r  
    PS8_X0Y0             PS8                          0.000     0.000 r  radon_kria_acc_i/zynq_ultra_ps_e_0/inst/PS8_i/PLCLK[0]
                         net (fo=1, routed)           0.164     0.164    radon_kria_acc_i/zynq_ultra_ps_e_0/inst/pl_clk_unbuffered[0]
    BUFG_PS_X0Y80        BUFG_PS (Prop_BUFG_PS_I_O)
                                                      0.023     0.187 r  radon_kria_acc_i/zynq_ultra_ps_e_0/inst/buffer_pl_clk_0.PL_CLK_0_BUFG/O
    X0Y1 (CLOCK_ROOT)    net (fo=1897, routed)        1.243     1.430    radon_kria_acc_i/axi_interconnect_0/s00_couplers/auto_ds/inst/gen_downsizer.gen_simple_downsizer.axi_downsizer_inst/USE_READ.read_addr_inst/cmd_queue/inst/fifo_gen_inst/inst_fifo_gen/gconvfifo.rf/grf.rf/gntv_or_sync_fifo.gl0.wr/gwss.wsts/clk
    SLICE_X4Y107         FDCE                                         r  radon_kria_acc_i/axi_interconnect_0/s00_couplers/auto_ds/inst/gen_downsizer.gen_simple_downsizer.axi_downsizer_inst/USE_READ.read_addr_inst/cmd_queue/inst/fifo_gen_inst/inst_fifo_gen/gconvfifo.rf/grf.rf/gntv_or_sync_fifo.gl0.wr/gwss.wsts/ram_full_i_reg/C
                         clock pessimism             -0.102     1.328    
    SLICE_X4Y107         FDCE (Remov_EFF_SLICEM_C_CLR)
                                                     -0.018     1.310    radon_kria_acc_i/axi_interconnect_0/s00_couplers/auto_ds/inst/gen_downsizer.gen_simple_downsizer.axi_downsizer_inst/USE_READ.read_addr_inst/cmd_queue/inst/fifo_gen_inst/inst_fifo_gen/gconvfifo.rf/grf.rf/gntv_or_sync_fifo.gl0.wr/gwss.wsts/ram_full_i_reg
  -------------------------------------------------------------------
                         required time                         -1.310    
                         arrival time                           1.598    
  -------------------------------------------------------------------
                         slack                                  0.288    

Slack (MET) :             0.301ns  (arrival time - required time)
  Source:                 radon_kria_acc_i/axi_interconnect_0/s00_couplers/auto_ds/inst/gen_downsizer.gen_simple_downsizer.axi_downsizer_inst/USE_READ.read_addr_inst/cmd_queue/inst/fifo_gen_inst/inst_fifo_gen/gconvfifo.rf/grf.rf/rstblk/ngwrdrst.grst.g7serrst.gnsckt_wrst.gcc_rst.sckt_wr_rst_cc_reg[0]/C
                            (rising edge-triggered cell FDRE clocked by clk_pl_0  {rise@0.000ns fall@5.000ns period=10.000ns})
  Destination:            radon_kria_acc_i/axi_interconnect_0/s00_couplers/auto_ds/inst/gen_downsizer.gen_simple_downsizer.axi_downsizer_inst/USE_READ.read_addr_inst/cmd_queue/inst/fifo_gen_inst/inst_fifo_gen/gconvfifo.rf/grf.rf/gntv_or_sync_fifo.gl0.rd/gr1.gr1_int.rfwft/empty_fwft_fb_o_i_reg/PRE
                            (removal check against rising-edge clock clk_pl_0  {rise@0.000ns fall@5.000ns period=10.000ns})
  Path Group:             **async_default**
  Path Type:              Removal (Min at Fast Process Corner)
  Requirement:            0.000ns  (clk_pl_0 rise@0.000ns - clk_pl_0 rise@0.000ns)
  Data Path Delay:        0.301ns  (logic 0.172ns (57.186%)  route 0.129ns (42.814%))
  Logic Levels:           1  (LUT3=1)
  Clock Path Skew:        0.018ns (DCD - SCD - CPR)
    Destination Clock Delay (DCD):    1.447ns
    Source Clock Delay      (SCD):    1.298ns
    Clock Pessimism Removal (CPR):    0.132ns
  Clock Net Delay (Source):      1.147ns (routing 0.572ns, distribution 0.575ns)
  Clock Net Delay (Destination): 1.260ns (routing 0.623ns, distribution 0.637ns)

    Location             Delay type                Incr(ns)  Path(ns)    Netlist Resource(s)
  -------------------------------------------------------------------    -------------------
                         (clock clk_pl_0 rise edge)
                                                      0.000     0.000 r  
    PS8_X0Y0             PS8                          0.000     0.000 r  radon_kria_acc_i/zynq_ultra_ps_e_0/inst/PS8_i/PLCLK[0]
                         net (fo=1, routed)           0.129     0.129    radon_kria_acc_i/zynq_ultra_ps_e_0/inst/pl_clk_unbuffered[0]
    BUFG_PS_X0Y80        BUFG_PS (Prop_BUFG_PS_I_O)
                                                      0.022     0.151 r  radon_kria_acc_i/zynq_ultra_ps_e_0/inst/buffer_pl_clk_0.PL_CLK_0_BUFG/O
    X0Y1 (CLOCK_ROOT)    net (fo=1897, routed)        1.147     1.298    radon_kria_acc_i/axi_interconnect_0/s00_couplers/auto_ds/inst/gen_downsizer.gen_simple_downsizer.axi_downsizer_inst/USE_READ.read_addr_inst/cmd_queue/inst/fifo_gen_inst/inst_fifo_gen/gconvfifo.rf/grf.rf/rstblk/clk
    SLICE_X5Y107         FDRE                                         r  radon_kria_acc_i/axi_interconnect_0/s00_couplers/auto_ds/inst/gen_downsizer.gen_simple_downsizer.axi_downsizer_inst/USE_READ.read_addr_inst/cmd_queue/inst/fifo_gen_inst/inst_fifo_gen/gconvfifo.rf/grf.rf/rstblk/ngwrdrst.grst.g7serrst.gnsckt_wrst.gcc_rst.sckt_wr_rst_cc_reg[0]/C
  -------------------------------------------------------------------    -------------------
    SLICE_X5Y107         FDRE (Prop_EFF_SLICEM_C_Q)
                                                      0.082     1.380 f  radon_kria_acc_i/axi_interconnect_0/s00_couplers/auto_ds/inst/gen_downsizer.gen_simple_downsizer.axi_downsizer_inst/USE_READ.read_addr_inst/cmd_queue/inst/fifo_gen_inst/inst_fifo_gen/gconvfifo.rf/grf.rf/rstblk/ngwrdrst.grst.g7serrst.gnsckt_wrst.gcc_rst.sckt_wr_rst_cc_reg[0]/Q
                         net (fo=3, routed)           0.032     1.412    radon_kria_acc_i/axi_interconnect_0/s00_couplers/auto_ds/inst/gen_downsizer.gen_simple_downsizer.axi_downsizer_inst/USE_READ.read_addr_inst/cmd_queue/inst/fifo_gen_inst/inst_fifo_gen/gconvfifo.rf/grf.rf/rstblk/ngwrdrst.grst.g7serrst.gnsckt_wrst.gcc_rst.sckt_wr_rst_cc[0]
    SLICE_X5Y107         LUT3 (Prop_G6LUT_SLICEM_I1_O)
                                                      0.090     1.502 f  radon_kria_acc_i/axi_interconnect_0/s00_couplers/auto_ds/inst/gen_downsizer.gen_simple_downsizer.axi_downsizer_inst/USE_READ.read_addr_inst/cmd_queue/inst/fifo_gen_inst/inst_fifo_gen/gconvfifo.rf/grf.rf/rstblk/gpregsm1.curr_fwft_state[1]_i_2/O
                         net (fo=32, routed)          0.097     1.598    radon_kria_acc_i/axi_interconnect_0/s00_couplers/auto_ds/inst/gen_downsizer.gen_simple_downsizer.axi_downsizer_inst/USE_READ.read_addr_inst/cmd_queue/inst/fifo_gen_inst/inst_fifo_gen/gconvfifo.rf/grf.rf/gntv_or_sync_fifo.gl0.rd/gr1.gr1_int.rfwft/gpregsm1.user_valid_reg_0
    SLICE_X5Y107         FDPE                                         f  radon_kria_acc_i/axi_interconnect_0/s00_couplers/auto_ds/inst/gen_downsizer.gen_simple_downsizer.axi_downsizer_inst/USE_READ.read_addr_inst/cmd_queue/inst/fifo_gen_inst/inst_fifo_gen/gconvfifo.rf/grf.rf/gntv_or_sync_fifo.gl0.rd/gr1.gr1_int.rfwft/empty_fwft_fb_o_i_reg/PRE
  -------------------------------------------------------------------    -------------------

                         (clock clk_pl_0 rise edge)
                                                      0.000     0.000 r  
    PS8_X0Y0             PS8                          0.000     0.000 r  radon_kria_acc_i/zynq_ultra_ps_e_0/inst/PS8_i/PLCLK[0]
                         net (fo=1, routed)           0.164     0.164    radon_kria_acc_i/zynq_ultra_ps_e_0/inst/pl_clk_unbuffered[0]
    BUFG_PS_X0Y80        BUFG_PS (Prop_BUFG_PS_I_O)
                                                      0.023     0.187 r  radon_kria_acc_i/zynq_ultra_ps_e_0/inst/buffer_pl_clk_0.PL_CLK_0_BUFG/O
    X0Y1 (CLOCK_ROOT)    net (fo=1897, routed)        1.260     1.447    radon_kria_acc_i/axi_interconnect_0/s00_couplers/auto_ds/inst/gen_downsizer.gen_simple_downsizer.axi_downsizer_inst/USE_READ.read_addr_inst/cmd_queue/inst/fifo_gen_inst/inst_fifo_gen/gconvfifo.rf/grf.rf/gntv_or_sync_fifo.gl0.rd/gr1.gr1_int.rfwft/clk
    SLICE_X5Y107         FDPE                                         r  radon_kria_acc_i/axi_interconnect_0/s00_couplers/auto_ds/inst/gen_downsizer.gen_simple_downsizer.axi_downsizer_inst/USE_READ.read_addr_inst/cmd_queue/inst/fifo_gen_inst/inst_fifo_gen/gconvfifo.rf/grf.rf/gntv_or_sync_fifo.gl0.rd/gr1.gr1_int.rfwft/empty_fwft_fb_o_i_reg/C
                         clock pessimism             -0.132     1.315    
    SLICE_X5Y107         FDPE (Remov_DFF2_SLICEM_C_PRE)
                                                     -0.018     1.297    radon_kria_acc_i/axi_interconnect_0/s00_couplers/auto_ds/inst/gen_downsizer.gen_simple_downsizer.axi_downsizer_inst/USE_READ.read_addr_inst/cmd_queue/inst/fifo_gen_inst/inst_fifo_gen/gconvfifo.rf/grf.rf/gntv_or_sync_fifo.gl0.rd/gr1.gr1_int.rfwft/empty_fwft_fb_o_i_reg
  -------------------------------------------------------------------
                         required time                         -1.297    
                         arrival time                           1.598    
  -------------------------------------------------------------------
                         slack                                  0.301    

Slack (MET) :             0.301ns  (arrival time - required time)
  Source:                 radon_kria_acc_i/axi_interconnect_0/s00_couplers/auto_ds/inst/gen_downsizer.gen_simple_downsizer.axi_downsizer_inst/USE_READ.read_addr_inst/cmd_queue/inst/fifo_gen_inst/inst_fifo_gen/gconvfifo.rf/grf.rf/rstblk/ngwrdrst.grst.g7serrst.gnsckt_wrst.gcc_rst.sckt_wr_rst_cc_reg[0]/C
                            (rising edge-triggered cell FDRE clocked by clk_pl_0  {rise@0.000ns fall@5.000ns period=10.000ns})
  Destination:            radon_kria_acc_i/axi_interconnect_0/s00_couplers/auto_ds/inst/gen_downsizer.gen_simple_downsizer.axi_downsizer_inst/USE_READ.read_addr_inst/cmd_queue/inst/fifo_gen_inst/inst_fifo_gen/gconvfifo.rf/grf.rf/gntv_or_sync_fifo.gl0.rd/gr1.gr1_int.rfwft/gpregsm1.curr_fwft_state_reg[0]/CLR
                            (removal check against rising-edge clock clk_pl_0  {rise@0.000ns fall@5.000ns period=10.000ns})
  Path Group:             **async_default**
  Path Type:              Removal (Min at Fast Process Corner)
  Requirement:            0.000ns  (clk_pl_0 rise@0.000ns - clk_pl_0 rise@0.000ns)
  Data Path Delay:        0.301ns  (logic 0.172ns (57.186%)  route 0.129ns (42.814%))
  Logic Levels:           1  (LUT3=1)
  Clock Path Skew:        0.018ns (DCD - SCD - CPR)
    Destination Clock Delay (DCD):    1.447ns
    Source Clock Delay      (SCD):    1.298ns
    Clock Pessimism Removal (CPR):    0.132ns
  Clock Net Delay (Source):      1.147ns (routing 0.572ns, distribution 0.575ns)
  Clock Net Delay (Destination): 1.260ns (routing 0.623ns, distribution 0.637ns)

    Location             Delay type                Incr(ns)  Path(ns)    Netlist Resource(s)
  -------------------------------------------------------------------    -------------------
                         (clock clk_pl_0 rise edge)
                                                      0.000     0.000 r  
    PS8_X0Y0             PS8                          0.000     0.000 r  radon_kria_acc_i/zynq_ultra_ps_e_0/inst/PS8_i/PLCLK[0]
                         net (fo=1, routed)           0.129     0.129    radon_kria_acc_i/zynq_ultra_ps_e_0/inst/pl_clk_unbuffered[0]
    BUFG_PS_X0Y80        BUFG_PS (Prop_BUFG_PS_I_O)
                                                      0.022     0.151 r  radon_kria_acc_i/zynq_ultra_ps_e_0/inst/buffer_pl_clk_0.PL_CLK_0_BUFG/O
    X0Y1 (CLOCK_ROOT)    net (fo=1897, routed)        1.147     1.298    radon_kria_acc_i/axi_interconnect_0/s00_couplers/auto_ds/inst/gen_downsizer.gen_simple_downsizer.axi_downsizer_inst/USE_READ.read_addr_inst/cmd_queue/inst/fifo_gen_inst/inst_fifo_gen/gconvfifo.rf/grf.rf/rstblk/clk
    SLICE_X5Y107         FDRE                                         r  radon_kria_acc_i/axi_interconnect_0/s00_couplers/auto_ds/inst/gen_downsizer.gen_simple_downsizer.axi_downsizer_inst/USE_READ.read_addr_inst/cmd_queue/inst/fifo_gen_inst/inst_fifo_gen/gconvfifo.rf/grf.rf/rstblk/ngwrdrst.grst.g7serrst.gnsckt_wrst.gcc_rst.sckt_wr_rst_cc_reg[0]/C
  -------------------------------------------------------------------    -------------------
    SLICE_X5Y107         FDRE (Prop_EFF_SLICEM_C_Q)
                                                      0.082     1.380 f  radon_kria_acc_i/axi_interconnect_0/s00_couplers/auto_ds/inst/gen_downsizer.gen_simple_downsizer.axi_downsizer_inst/USE_READ.read_addr_inst/cmd_queue/inst/fifo_gen_inst/inst_fifo_gen/gconvfifo.rf/grf.rf/rstblk/ngwrdrst.grst.g7serrst.gnsckt_wrst.gcc_rst.sckt_wr_rst_cc_reg[0]/Q
                         net (fo=3, routed)           0.032     1.412    radon_kria_acc_i/axi_interconnect_0/s00_couplers/auto_ds/inst/gen_downsizer.gen_simple_downsizer.axi_downsizer_inst/USE_READ.read_addr_inst/cmd_queue/inst/fifo_gen_inst/inst_fifo_gen/gconvfifo.rf/grf.rf/rstblk/ngwrdrst.grst.g7serrst.gnsckt_wrst.gcc_rst.sckt_wr_rst_cc[0]
    SLICE_X5Y107         LUT3 (Prop_G6LUT_SLICEM_I1_O)
                                                      0.090     1.502 f  radon_kria_acc_i/axi_interconnect_0/s00_couplers/auto_ds/inst/gen_downsizer.gen_simple_downsizer.axi_downsizer_inst/USE_READ.read_addr_inst/cmd_queue/inst/fifo_gen_inst/inst_fifo_gen/gconvfifo.rf/grf.rf/rstblk/gpregsm1.curr_fwft_state[1]_i_2/O
                         net (fo=32, routed)          0.097     1.598    radon_kria_acc_i/axi_interconnect_0/s00_couplers/auto_ds/inst/gen_downsizer.gen_simple_downsizer.axi_downsizer_inst/USE_READ.read_addr_inst/cmd_queue/inst/fifo_gen_inst/inst_fifo_gen/gconvfifo.rf/grf.rf/gntv_or_sync_fifo.gl0.rd/gr1.gr1_int.rfwft/gpregsm1.user_valid_reg_0
    SLICE_X5Y107         FDCE                                         f  radon_kria_acc_i/axi_interconnect_0/s00_couplers/auto_ds/inst/gen_downsizer.gen_simple_downsizer.axi_downsizer_inst/USE_READ.read_addr_inst/cmd_queue/inst/fifo_gen_inst/inst_fifo_gen/gconvfifo.rf/grf.rf/gntv_or_sync_fifo.gl0.rd/gr1.gr1_int.rfwft/gpregsm1.curr_fwft_state_reg[0]/CLR
  -------------------------------------------------------------------    -------------------

                         (clock clk_pl_0 rise edge)
                                                      0.000     0.000 r  
    PS8_X0Y0             PS8                          0.000     0.000 r  radon_kria_acc_i/zynq_ultra_ps_e_0/inst/PS8_i/PLCLK[0]
                         net (fo=1, routed)           0.164     0.164    radon_kria_acc_i/zynq_ultra_ps_e_0/inst/pl_clk_unbuffered[0]
    BUFG_PS_X0Y80        BUFG_PS (Prop_BUFG_PS_I_O)
                                                      0.023     0.187 r  radon_kria_acc_i/zynq_ultra_ps_e_0/inst/buffer_pl_clk_0.PL_CLK_0_BUFG/O
    X0Y1 (CLOCK_ROOT)    net (fo=1897, routed)        1.260     1.447    radon_kria_acc_i/axi_interconnect_0/s00_couplers/auto_ds/inst/gen_downsizer.gen_simple_downsizer.axi_downsizer_inst/USE_READ.read_addr_inst/cmd_queue/inst/fifo_gen_inst/inst_fifo_gen/gconvfifo.rf/grf.rf/gntv_or_sync_fifo.gl0.rd/gr1.gr1_int.rfwft/clk
    SLICE_X5Y107         FDCE                                         r  radon_kria_acc_i/axi_interconnect_0/s00_couplers/auto_ds/inst/gen_downsizer.gen_simple_downsizer.axi_downsizer_inst/USE_READ.read_addr_inst/cmd_queue/inst/fifo_gen_inst/inst_fifo_gen/gconvfifo.rf/grf.rf/gntv_or_sync_fifo.gl0.rd/gr1.gr1_int.rfwft/gpregsm1.curr_fwft_state_reg[0]/C
                         clock pessimism             -0.132     1.315    
    SLICE_X5Y107         FDCE (Remov_CFF_SLICEM_C_CLR)
                                                     -0.018     1.297    radon_kria_acc_i/axi_interconnect_0/s00_couplers/auto_ds/inst/gen_downsizer.gen_simple_downsizer.axi_downsizer_inst/USE_READ.read_addr_inst/cmd_queue/inst/fifo_gen_inst/inst_fifo_gen/gconvfifo.rf/grf.rf/gntv_or_sync_fifo.gl0.rd/gr1.gr1_int.rfwft/gpregsm1.curr_fwft_state_reg[0]
  -------------------------------------------------------------------
                         required time                         -1.297    
                         arrival time                           1.598    
  -------------------------------------------------------------------
                         slack                                  0.301    

Slack (MET) :             0.301ns  (arrival time - required time)
  Source:                 radon_kria_acc_i/axi_interconnect_0/s00_couplers/auto_ds/inst/gen_downsizer.gen_simple_downsizer.axi_downsizer_inst/USE_READ.read_addr_inst/cmd_queue/inst/fifo_gen_inst/inst_fifo_gen/gconvfifo.rf/grf.rf/rstblk/ngwrdrst.grst.g7serrst.gnsckt_wrst.gcc_rst.sckt_wr_rst_cc_reg[0]/C
                            (rising edge-triggered cell FDRE clocked by clk_pl_0  {rise@0.000ns fall@5.000ns period=10.000ns})
  Destination:            radon_kria_acc_i/axi_interconnect_0/s00_couplers/auto_ds/inst/gen_downsizer.gen_simple_downsizer.axi_downsizer_inst/USE_READ.read_addr_inst/cmd_queue/inst/fifo_gen_inst/inst_fifo_gen/gconvfifo.rf/grf.rf/gntv_or_sync_fifo.gl0.rd/gr1.gr1_int.rfwft/gpregsm1.curr_fwft_state_reg[1]/CLR
                            (removal check against rising-edge clock clk_pl_0  {rise@0.000ns fall@5.000ns period=10.000ns})
  Path Group:             **async_default**
  Path Type:              Removal (Min at Fast Process Corner)
  Requirement:            0.000ns  (clk_pl_0 rise@0.000ns - clk_pl_0 rise@0.000ns)
  Data Path Delay:        0.301ns  (logic 0.172ns (57.186%)  route 0.129ns (42.814%))
  Logic Levels:           1  (LUT3=1)
  Clock Path Skew:        0.018ns (DCD - SCD - CPR)
    Destination Clock Delay (DCD):    1.447ns
    Source Clock Delay      (SCD):    1.298ns
    Clock Pessimism Removal (CPR):    0.132ns
  Clock Net Delay (Source):      1.147ns (routing 0.572ns, distribution 0.575ns)
  Clock Net Delay (Destination): 1.260ns (routing 0.623ns, distribution 0.637ns)

    Location             Delay type                Incr(ns)  Path(ns)    Netlist Resource(s)
  -------------------------------------------------------------------    -------------------
                         (clock clk_pl_0 rise edge)
                                                      0.000     0.000 r  
    PS8_X0Y0             PS8                          0.000     0.000 r  radon_kria_acc_i/zynq_ultra_ps_e_0/inst/PS8_i/PLCLK[0]
                         net (fo=1, routed)           0.129     0.129    radon_kria_acc_i/zynq_ultra_ps_e_0/inst/pl_clk_unbuffered[0]
    BUFG_PS_X0Y80        BUFG_PS (Prop_BUFG_PS_I_O)
                                                      0.022     0.151 r  radon_kria_acc_i/zynq_ultra_ps_e_0/inst/buffer_pl_clk_0.PL_CLK_0_BUFG/O
    X0Y1 (CLOCK_ROOT)    net (fo=1897, routed)        1.147     1.298    radon_kria_acc_i/axi_interconnect_0/s00_couplers/auto_ds/inst/gen_downsizer.gen_simple_downsizer.axi_downsizer_inst/USE_READ.read_addr_inst/cmd_queue/inst/fifo_gen_inst/inst_fifo_gen/gconvfifo.rf/grf.rf/rstblk/clk
    SLICE_X5Y107         FDRE                                         r  radon_kria_acc_i/axi_interconnect_0/s00_couplers/auto_ds/inst/gen_downsizer.gen_simple_downsizer.axi_downsizer_inst/USE_READ.read_addr_inst/cmd_queue/inst/fifo_gen_inst/inst_fifo_gen/gconvfifo.rf/grf.rf/rstblk/ngwrdrst.grst.g7serrst.gnsckt_wrst.gcc_rst.sckt_wr_rst_cc_reg[0]/C
  -------------------------------------------------------------------    -------------------
    SLICE_X5Y107         FDRE (Prop_EFF_SLICEM_C_Q)
                                                      0.082     1.380 f  radon_kria_acc_i/axi_interconnect_0/s00_couplers/auto_ds/inst/gen_downsizer.gen_simple_downsizer.axi_downsizer_inst/USE_READ.read_addr_inst/cmd_queue/inst/fifo_gen_inst/inst_fifo_gen/gconvfifo.rf/grf.rf/rstblk/ngwrdrst.grst.g7serrst.gnsckt_wrst.gcc_rst.sckt_wr_rst_cc_reg[0]/Q
                         net (fo=3, routed)           0.032     1.412    radon_kria_acc_i/axi_interconnect_0/s00_couplers/auto_ds/inst/gen_downsizer.gen_simple_downsizer.axi_downsizer_inst/USE_READ.read_addr_inst/cmd_queue/inst/fifo_gen_inst/inst_fifo_gen/gconvfifo.rf/grf.rf/rstblk/ngwrdrst.grst.g7serrst.gnsckt_wrst.gcc_rst.sckt_wr_rst_cc[0]
    SLICE_X5Y107         LUT3 (Prop_G6LUT_SLICEM_I1_O)
                                                      0.090     1.502 f  radon_kria_acc_i/axi_interconnect_0/s00_couplers/auto_ds/inst/gen_downsizer.gen_simple_downsizer.axi_downsizer_inst/USE_READ.read_addr_inst/cmd_queue/inst/fifo_gen_inst/inst_fifo_gen/gconvfifo.rf/grf.rf/rstblk/gpregsm1.curr_fwft_state[1]_i_2/O
                         net (fo=32, routed)          0.097     1.598    radon_kria_acc_i/axi_interconnect_0/s00_couplers/auto_ds/inst/gen_downsizer.gen_simple_downsizer.axi_downsizer_inst/USE_READ.read_addr_inst/cmd_queue/inst/fifo_gen_inst/inst_fifo_gen/gconvfifo.rf/grf.rf/gntv_or_sync_fifo.gl0.rd/gr1.gr1_int.rfwft/gpregsm1.user_valid_reg_0
    SLICE_X5Y107         FDCE                                         f  radon_kria_acc_i/axi_interconnect_0/s00_couplers/auto_ds/inst/gen_downsizer.gen_simple_downsizer.axi_downsizer_inst/USE_READ.read_addr_inst/cmd_queue/inst/fifo_gen_inst/inst_fifo_gen/gconvfifo.rf/grf.rf/gntv_or_sync_fifo.gl0.rd/gr1.gr1_int.rfwft/gpregsm1.curr_fwft_state_reg[1]/CLR
  -------------------------------------------------------------------    -------------------

                         (clock clk_pl_0 rise edge)
                                                      0.000     0.000 r  
    PS8_X0Y0             PS8                          0.000     0.000 r  radon_kria_acc_i/zynq_ultra_ps_e_0/inst/PS8_i/PLCLK[0]
                         net (fo=1, routed)           0.164     0.164    radon_kria_acc_i/zynq_ultra_ps_e_0/inst/pl_clk_unbuffered[0]
    BUFG_PS_X0Y80        BUFG_PS (Prop_BUFG_PS_I_O)
                                                      0.023     0.187 r  radon_kria_acc_i/zynq_ultra_ps_e_0/inst/buffer_pl_clk_0.PL_CLK_0_BUFG/O
    X0Y1 (CLOCK_ROOT)    net (fo=1897, routed)        1.260     1.447    radon_kria_acc_i/axi_interconnect_0/s00_couplers/auto_ds/inst/gen_downsizer.gen_simple_downsizer.axi_downsizer_inst/USE_READ.read_addr_inst/cmd_queue/inst/fifo_gen_inst/inst_fifo_gen/gconvfifo.rf/grf.rf/gntv_or_sync_fifo.gl0.rd/gr1.gr1_int.rfwft/clk
    SLICE_X5Y107         FDCE                                         r  radon_kria_acc_i/axi_interconnect_0/s00_couplers/auto_ds/inst/gen_downsizer.gen_simple_downsizer.axi_downsizer_inst/USE_READ.read_addr_inst/cmd_queue/inst/fifo_gen_inst/inst_fifo_gen/gconvfifo.rf/grf.rf/gntv_or_sync_fifo.gl0.rd/gr1.gr1_int.rfwft/gpregsm1.curr_fwft_state_reg[1]/C
                         clock pessimism             -0.132     1.315    
    SLICE_X5Y107         FDCE (Remov_CFF2_SLICEM_C_CLR)
                                                     -0.018     1.297    radon_kria_acc_i/axi_interconnect_0/s00_couplers/auto_ds/inst/gen_downsizer.gen_simple_downsizer.axi_downsizer_inst/USE_READ.read_addr_inst/cmd_queue/inst/fifo_gen_inst/inst_fifo_gen/gconvfifo.rf/grf.rf/gntv_or_sync_fifo.gl0.rd/gr1.gr1_int.rfwft/gpregsm1.curr_fwft_state_reg[1]
  -------------------------------------------------------------------
                         required time                         -1.297    
                         arrival time                           1.598    
  -------------------------------------------------------------------
                         slack                                  0.301    

Slack (MET) :             0.301ns  (arrival time - required time)
  Source:                 radon_kria_acc_i/axi_interconnect_0/s00_couplers/auto_ds/inst/gen_downsizer.gen_simple_downsizer.axi_downsizer_inst/USE_READ.read_addr_inst/cmd_queue/inst/fifo_gen_inst/inst_fifo_gen/gconvfifo.rf/grf.rf/rstblk/ngwrdrst.grst.g7serrst.gnsckt_wrst.gcc_rst.sckt_wr_rst_cc_reg[0]/C
                            (rising edge-triggered cell FDRE clocked by clk_pl_0  {rise@0.000ns fall@5.000ns period=10.000ns})
  Destination:            radon_kria_acc_i/axi_interconnect_0/s00_couplers/auto_ds/inst/gen_downsizer.gen_simple_downsizer.axi_downsizer_inst/USE_READ.read_addr_inst/cmd_queue/inst/fifo_gen_inst/inst_fifo_gen/gconvfifo.rf/grf.rf/gntv_or_sync_fifo.gl0.rd/gr1.gr1_int.rfwft/gpregsm1.user_valid_reg/CLR
                            (removal check against rising-edge clock clk_pl_0  {rise@0.000ns fall@5.000ns period=10.000ns})
  Path Group:             **async_default**
  Path Type:              Removal (Min at Fast Process Corner)
  Requirement:            0.000ns  (clk_pl_0 rise@0.000ns - clk_pl_0 rise@0.000ns)
  Data Path Delay:        0.301ns  (logic 0.172ns (57.186%)  route 0.129ns (42.814%))
  Logic Levels:           1  (LUT3=1)
  Clock Path Skew:        0.018ns (DCD - SCD - CPR)
    Destination Clock Delay (DCD):    1.447ns
    Source Clock Delay      (SCD):    1.298ns
    Clock Pessimism Removal (CPR):    0.132ns
  Clock Net Delay (Source):      1.147ns (routing 0.572ns, distribution 0.575ns)
  Clock Net Delay (Destination): 1.260ns (routing 0.623ns, distribution 0.637ns)

    Location             Delay type                Incr(ns)  Path(ns)    Netlist Resource(s)
  -------------------------------------------------------------------    -------------------
                         (clock clk_pl_0 rise edge)
                                                      0.000     0.000 r  
    PS8_X0Y0             PS8                          0.000     0.000 r  radon_kria_acc_i/zynq_ultra_ps_e_0/inst/PS8_i/PLCLK[0]
                         net (fo=1, routed)           0.129     0.129    radon_kria_acc_i/zynq_ultra_ps_e_0/inst/pl_clk_unbuffered[0]
    BUFG_PS_X0Y80        BUFG_PS (Prop_BUFG_PS_I_O)
                                                      0.022     0.151 r  radon_kria_acc_i/zynq_ultra_ps_e_0/inst/buffer_pl_clk_0.PL_CLK_0_BUFG/O
    X0Y1 (CLOCK_ROOT)    net (fo=1897, routed)        1.147     1.298    radon_kria_acc_i/axi_interconnect_0/s00_couplers/auto_ds/inst/gen_downsizer.gen_simple_downsizer.axi_downsizer_inst/USE_READ.read_addr_inst/cmd_queue/inst/fifo_gen_inst/inst_fifo_gen/gconvfifo.rf/grf.rf/rstblk/clk
    SLICE_X5Y107         FDRE                                         r  radon_kria_acc_i/axi_interconnect_0/s00_couplers/auto_ds/inst/gen_downsizer.gen_simple_downsizer.axi_downsizer_inst/USE_READ.read_addr_inst/cmd_queue/inst/fifo_gen_inst/inst_fifo_gen/gconvfifo.rf/grf.rf/rstblk/ngwrdrst.grst.g7serrst.gnsckt_wrst.gcc_rst.sckt_wr_rst_cc_reg[0]/C
  -------------------------------------------------------------------    -------------------
    SLICE_X5Y107         FDRE (Prop_EFF_SLICEM_C_Q)
                                                      0.082     1.380 f  radon_kria_acc_i/axi_interconnect_0/s00_couplers/auto_ds/inst/gen_downsizer.gen_simple_downsizer.axi_downsizer_inst/USE_READ.read_addr_inst/cmd_queue/inst/fifo_gen_inst/inst_fifo_gen/gconvfifo.rf/grf.rf/rstblk/ngwrdrst.grst.g7serrst.gnsckt_wrst.gcc_rst.sckt_wr_rst_cc_reg[0]/Q
                         net (fo=3, routed)           0.032     1.412    radon_kria_acc_i/axi_interconnect_0/s00_couplers/auto_ds/inst/gen_downsizer.gen_simple_downsizer.axi_downsizer_inst/USE_READ.read_addr_inst/cmd_queue/inst/fifo_gen_inst/inst_fifo_gen/gconvfifo.rf/grf.rf/rstblk/ngwrdrst.grst.g7serrst.gnsckt_wrst.gcc_rst.sckt_wr_rst_cc[0]
    SLICE_X5Y107         LUT3 (Prop_G6LUT_SLICEM_I1_O)
                                                      0.090     1.502 f  radon_kria_acc_i/axi_interconnect_0/s00_couplers/auto_ds/inst/gen_downsizer.gen_simple_downsizer.axi_downsizer_inst/USE_READ.read_addr_inst/cmd_queue/inst/fifo_gen_inst/inst_fifo_gen/gconvfifo.rf/grf.rf/rstblk/gpregsm1.curr_fwft_state[1]_i_2/O
                         net (fo=32, routed)          0.097     1.598    radon_kria_acc_i/axi_interconnect_0/s00_couplers/auto_ds/inst/gen_downsizer.gen_simple_downsizer.axi_downsizer_inst/USE_READ.read_addr_inst/cmd_queue/inst/fifo_gen_inst/inst_fifo_gen/gconvfifo.rf/grf.rf/gntv_or_sync_fifo.gl0.rd/gr1.gr1_int.rfwft/gpregsm1.user_valid_reg_0
    SLICE_X5Y107         FDCE                                         f  radon_kria_acc_i/axi_interconnect_0/s00_couplers/auto_ds/inst/gen_downsizer.gen_simple_downsizer.axi_downsizer_inst/USE_READ.read_addr_inst/cmd_queue/inst/fifo_gen_inst/inst_fifo_gen/gconvfifo.rf/grf.rf/gntv_or_sync_fifo.gl0.rd/gr1.gr1_int.rfwft/gpregsm1.user_valid_reg/CLR
  -------------------------------------------------------------------    -------------------

                         (clock clk_pl_0 rise edge)
                                                      0.000     0.000 r  
    PS8_X0Y0             PS8                          0.000     0.000 r  radon_kria_acc_i/zynq_ultra_ps_e_0/inst/PS8_i/PLCLK[0]
                         net (fo=1, routed)           0.164     0.164    radon_kria_acc_i/zynq_ultra_ps_e_0/inst/pl_clk_unbuffered[0]
    BUFG_PS_X0Y80        BUFG_PS (Prop_BUFG_PS_I_O)
                                                      0.023     0.187 r  radon_kria_acc_i/zynq_ultra_ps_e_0/inst/buffer_pl_clk_0.PL_CLK_0_BUFG/O
    X0Y1 (CLOCK_ROOT)    net (fo=1897, routed)        1.260     1.447    radon_kria_acc_i/axi_interconnect_0/s00_couplers/auto_ds/inst/gen_downsizer.gen_simple_downsizer.axi_downsizer_inst/USE_READ.read_addr_inst/cmd_queue/inst/fifo_gen_inst/inst_fifo_gen/gconvfifo.rf/grf.rf/gntv_or_sync_fifo.gl0.rd/gr1.gr1_int.rfwft/clk
    SLICE_X5Y107         FDCE                                         r  radon_kria_acc_i/axi_interconnect_0/s00_couplers/auto_ds/inst/gen_downsizer.gen_simple_downsizer.axi_downsizer_inst/USE_READ.read_addr_inst/cmd_queue/inst/fifo_gen_inst/inst_fifo_gen/gconvfifo.rf/grf.rf/gntv_or_sync_fifo.gl0.rd/gr1.gr1_int.rfwft/gpregsm1.user_valid_reg/C
                         clock pessimism             -0.132     1.315    
    SLICE_X5Y107         FDCE (Remov_BFF2_SLICEM_C_CLR)
                                                     -0.018     1.297    radon_kria_acc_i/axi_interconnect_0/s00_couplers/auto_ds/inst/gen_downsizer.gen_simple_downsizer.axi_downsizer_inst/USE_READ.read_addr_inst/cmd_queue/inst/fifo_gen_inst/inst_fifo_gen/gconvfifo.rf/grf.rf/gntv_or_sync_fifo.gl0.rd/gr1.gr1_int.rfwft/gpregsm1.user_valid_reg
  -------------------------------------------------------------------
                         required time                         -1.297    
                         arrival time                           1.598    
  -------------------------------------------------------------------
                         slack                                  0.301    

Slack (MET) :             0.305ns  (arrival time - required time)
  Source:                 radon_kria_acc_i/axi_interconnect_0/s00_couplers/auto_ds/inst/gen_downsizer.gen_simple_downsizer.axi_downsizer_inst/USE_WRITE.write_addr_inst/USE_B_CHANNEL.cmd_b_queue/inst/fifo_gen_inst/inst_fifo_gen/gconvfifo.rf/grf.rf/rstblk/ngwrdrst.grst.g7serrst.gnsckt_wrst.rst_wr_reg2_inst/arststages_ff_reg[1]/C
                            (rising edge-triggered cell FDPE clocked by clk_pl_0  {rise@0.000ns fall@5.000ns period=10.000ns})
  Destination:            radon_kria_acc_i/axi_interconnect_0/s00_couplers/auto_ds/inst/gen_downsizer.gen_simple_downsizer.axi_downsizer_inst/USE_WRITE.write_addr_inst/USE_B_CHANNEL.cmd_b_queue/inst/fifo_gen_inst/inst_fifo_gen/gconvfifo.rf/grf.rf/gntv_or_sync_fifo.gl0.wr/gwss.wsts/ram_full_i_reg/CLR
                            (removal check against rising-edge clock clk_pl_0  {rise@0.000ns fall@5.000ns period=10.000ns})
  Path Group:             **async_default**
  Path Type:              Removal (Min at Fast Process Corner)
  Requirement:            0.000ns  (clk_pl_0 rise@0.000ns - clk_pl_0 rise@0.000ns)
  Data Path Delay:        0.298ns  (logic 0.121ns (40.548%)  route 0.177ns (59.452%))
  Logic Levels:           1  (LUT3=1)
  Clock Path Skew:        0.012ns (DCD - SCD - CPR)
    Destination Clock Delay (DCD):    1.438ns
    Source Clock Delay      (SCD):    1.295ns
    Clock Pessimism Removal (CPR):    0.132ns
  Clock Net Delay (Source):      1.144ns (routing 0.572ns, distribution 0.572ns)
  Clock Net Delay (Destination): 1.251ns (routing 0.623ns, distribution 0.628ns)

    Location             Delay type                Incr(ns)  Path(ns)    Netlist Resource(s)
  -------------------------------------------------------------------    -------------------
                         (clock clk_pl_0 rise edge)
                                                      0.000     0.000 r  
    PS8_X0Y0             PS8                          0.000     0.000 r  radon_kria_acc_i/zynq_ultra_ps_e_0/inst/PS8_i/PLCLK[0]
                         net (fo=1, routed)           0.129     0.129    radon_kria_acc_i/zynq_ultra_ps_e_0/inst/pl_clk_unbuffered[0]
    BUFG_PS_X0Y80        BUFG_PS (Prop_BUFG_PS_I_O)
                                                      0.022     0.151 r  radon_kria_acc_i/zynq_ultra_ps_e_0/inst/buffer_pl_clk_0.PL_CLK_0_BUFG/O
    X0Y1 (CLOCK_ROOT)    net (fo=1897, routed)        1.144     1.295    radon_kria_acc_i/axi_interconnect_0/s00_couplers/auto_ds/inst/gen_downsizer.gen_simple_downsizer.axi_downsizer_inst/USE_WRITE.write_addr_inst/USE_B_CHANNEL.cmd_b_queue/inst/fifo_gen_inst/inst_fifo_gen/gconvfifo.rf/grf.rf/rstblk/ngwrdrst.grst.g7serrst.gnsckt_wrst.rst_wr_reg2_inst/dest_clk
    SLICE_X5Y87          FDPE                                         r  radon_kria_acc_i/axi_interconnect_0/s00_couplers/auto_ds/inst/gen_downsizer.gen_simple_downsizer.axi_downsizer_inst/USE_WRITE.write_addr_inst/USE_B_CHANNEL.cmd_b_queue/inst/fifo_gen_inst/inst_fifo_gen/gconvfifo.rf/grf.rf/rstblk/ngwrdrst.grst.g7serrst.gnsckt_wrst.rst_wr_reg2_inst/arststages_ff_reg[1]/C
  -------------------------------------------------------------------    -------------------
    SLICE_X5Y87          FDPE (Prop_AFF2_SLICEM_C_Q)
                                                      0.084     1.379 f  radon_kria_acc_i/axi_interconnect_0/s00_couplers/auto_ds/inst/gen_downsizer.gen_simple_downsizer.axi_downsizer_inst/USE_WRITE.write_addr_inst/USE_B_CHANNEL.cmd_b_queue/inst/fifo_gen_inst/inst_fifo_gen/gconvfifo.rf/grf.rf/rstblk/ngwrdrst.grst.g7serrst.gnsckt_wrst.rst_wr_reg2_inst/arststages_ff_reg[1]/Q
                         net (fo=3, routed)           0.073     1.452    radon_kria_acc_i/axi_interconnect_0/s00_couplers/auto_ds/inst/gen_downsizer.gen_simple_downsizer.axi_downsizer_inst/USE_WRITE.write_addr_inst/USE_B_CHANNEL.cmd_b_queue/inst/fifo_gen_inst/inst_fifo_gen/gconvfifo.rf/grf.rf/rstblk/ngwrdrst.rst_wr_reg2
    SLICE_X5Y87          LUT3 (Prop_G6LUT_SLICEM_I2_O)
                                                      0.037     1.489 f  radon_kria_acc_i/axi_interconnect_0/s00_couplers/auto_ds/inst/gen_downsizer.gen_simple_downsizer.axi_downsizer_inst/USE_WRITE.write_addr_inst/USE_B_CHANNEL.cmd_b_queue/inst/fifo_gen_inst/inst_fifo_gen/gconvfifo.rf/grf.rf/rstblk/gpregsm1.curr_fwft_state[1]_i_2/O
                         net (fo=32, routed)          0.104     1.593    radon_kria_acc_i/axi_interconnect_0/s00_couplers/auto_ds/inst/gen_downsizer.gen_simple_downsizer.axi_downsizer_inst/USE_WRITE.write_addr_inst/USE_B_CHANNEL.cmd_b_queue/inst/fifo_gen_inst/inst_fifo_gen/gconvfifo.rf/grf.rf/gntv_or_sync_fifo.gl0.wr/gwss.wsts/AR[0]
    SLICE_X6Y87          FDCE                                         f  radon_kria_acc_i/axi_interconnect_0/s00_couplers/auto_ds/inst/gen_downsizer.gen_simple_downsizer.axi_downsizer_inst/USE_WRITE.write_addr_inst/USE_B_CHANNEL.cmd_b_queue/inst/fifo_gen_inst/inst_fifo_gen/gconvfifo.rf/grf.rf/gntv_or_sync_fifo.gl0.wr/gwss.wsts/ram_full_i_reg/CLR
  -------------------------------------------------------------------    -------------------

                         (clock clk_pl_0 rise edge)
                                                      0.000     0.000 r  
    PS8_X0Y0             PS8                          0.000     0.000 r  radon_kria_acc_i/zynq_ultra_ps_e_0/inst/PS8_i/PLCLK[0]
                         net (fo=1, routed)           0.164     0.164    radon_kria_acc_i/zynq_ultra_ps_e_0/inst/pl_clk_unbuffered[0]
    BUFG_PS_X0Y80        BUFG_PS (Prop_BUFG_PS_I_O)
                                                      0.023     0.187 r  radon_kria_acc_i/zynq_ultra_ps_e_0/inst/buffer_pl_clk_0.PL_CLK_0_BUFG/O
    X0Y1 (CLOCK_ROOT)    net (fo=1897, routed)        1.251     1.438    radon_kria_acc_i/axi_interconnect_0/s00_couplers/auto_ds/inst/gen_downsizer.gen_simple_downsizer.axi_downsizer_inst/USE_WRITE.write_addr_inst/USE_B_CHANNEL.cmd_b_queue/inst/fifo_gen_inst/inst_fifo_gen/gconvfifo.rf/grf.rf/gntv_or_sync_fifo.gl0.wr/gwss.wsts/clk
    SLICE_X6Y87          FDCE                                         r  radon_kria_acc_i/axi_interconnect_0/s00_couplers/auto_ds/inst/gen_downsizer.gen_simple_downsizer.axi_downsizer_inst/USE_WRITE.write_addr_inst/USE_B_CHANNEL.cmd_b_queue/inst/fifo_gen_inst/inst_fifo_gen/gconvfifo.rf/grf.rf/gntv_or_sync_fifo.gl0.wr/gwss.wsts/ram_full_i_reg/C
                         clock pessimism             -0.132     1.306    
    SLICE_X6Y87          FDCE (Remov_HFF_SLICEL_C_CLR)
                                                     -0.018     1.288    radon_kria_acc_i/axi_interconnect_0/s00_couplers/auto_ds/inst/gen_downsizer.gen_simple_downsizer.axi_downsizer_inst/USE_WRITE.write_addr_inst/USE_B_CHANNEL.cmd_b_queue/inst/fifo_gen_inst/inst_fifo_gen/gconvfifo.rf/grf.rf/gntv_or_sync_fifo.gl0.wr/gwss.wsts/ram_full_i_reg
  -------------------------------------------------------------------
                         required time                         -1.288    
                         arrival time                           1.593    
  -------------------------------------------------------------------
                         slack                                  0.305    

Slack (MET) :             0.305ns  (arrival time - required time)
  Source:                 radon_kria_acc_i/axi_interconnect_0/s00_couplers/auto_ds/inst/gen_downsizer.gen_simple_downsizer.axi_downsizer_inst/USE_WRITE.write_addr_inst/USE_B_CHANNEL.cmd_b_queue/inst/fifo_gen_inst/inst_fifo_gen/gconvfifo.rf/grf.rf/rstblk/ngwrdrst.grst.g7serrst.gnsckt_wrst.rst_wr_reg2_inst/arststages_ff_reg[1]/C
                            (rising edge-triggered cell FDPE clocked by clk_pl_0  {rise@0.000ns fall@5.000ns period=10.000ns})
  Destination:            radon_kria_acc_i/axi_interconnect_0/s00_couplers/auto_ds/inst/gen_downsizer.gen_simple_downsizer.axi_downsizer_inst/USE_WRITE.write_addr_inst/USE_B_CHANNEL.cmd_b_queue/inst/fifo_gen_inst/inst_fifo_gen/gconvfifo.rf/grf.rf/gntv_or_sync_fifo.gl0.wr/wpntr/gcc0.gc0.count_d1_reg[0]/CLR
                            (removal check against rising-edge clock clk_pl_0  {rise@0.000ns fall@5.000ns period=10.000ns})
  Path Group:             **async_default**
  Path Type:              Removal (Min at Fast Process Corner)
  Requirement:            0.000ns  (clk_pl_0 rise@0.000ns - clk_pl_0 rise@0.000ns)
  Data Path Delay:        0.298ns  (logic 0.121ns (40.548%)  route 0.177ns (59.452%))
  Logic Levels:           1  (LUT3=1)
  Clock Path Skew:        0.012ns (DCD - SCD - CPR)
    Destination Clock Delay (DCD):    1.438ns
    Source Clock Delay      (SCD):    1.295ns
    Clock Pessimism Removal (CPR):    0.132ns
  Clock Net Delay (Source):      1.144ns (routing 0.572ns, distribution 0.572ns)
  Clock Net Delay (Destination): 1.251ns (routing 0.623ns, distribution 0.628ns)

    Location             Delay type                Incr(ns)  Path(ns)    Netlist Resource(s)
  -------------------------------------------------------------------    -------------------
                         (clock clk_pl_0 rise edge)
                                                      0.000     0.000 r  
    PS8_X0Y0             PS8                          0.000     0.000 r  radon_kria_acc_i/zynq_ultra_ps_e_0/inst/PS8_i/PLCLK[0]
                         net (fo=1, routed)           0.129     0.129    radon_kria_acc_i/zynq_ultra_ps_e_0/inst/pl_clk_unbuffered[0]
    BUFG_PS_X0Y80        BUFG_PS (Prop_BUFG_PS_I_O)
                                                      0.022     0.151 r  radon_kria_acc_i/zynq_ultra_ps_e_0/inst/buffer_pl_clk_0.PL_CLK_0_BUFG/O
    X0Y1 (CLOCK_ROOT)    net (fo=1897, routed)        1.144     1.295    radon_kria_acc_i/axi_interconnect_0/s00_couplers/auto_ds/inst/gen_downsizer.gen_simple_downsizer.axi_downsizer_inst/USE_WRITE.write_addr_inst/USE_B_CHANNEL.cmd_b_queue/inst/fifo_gen_inst/inst_fifo_gen/gconvfifo.rf/grf.rf/rstblk/ngwrdrst.grst.g7serrst.gnsckt_wrst.rst_wr_reg2_inst/dest_clk
    SLICE_X5Y87          FDPE                                         r  radon_kria_acc_i/axi_interconnect_0/s00_couplers/auto_ds/inst/gen_downsizer.gen_simple_downsizer.axi_downsizer_inst/USE_WRITE.write_addr_inst/USE_B_CHANNEL.cmd_b_queue/inst/fifo_gen_inst/inst_fifo_gen/gconvfifo.rf/grf.rf/rstblk/ngwrdrst.grst.g7serrst.gnsckt_wrst.rst_wr_reg2_inst/arststages_ff_reg[1]/C
  -------------------------------------------------------------------    -------------------
    SLICE_X5Y87          FDPE (Prop_AFF2_SLICEM_C_Q)
                                                      0.084     1.379 f  radon_kria_acc_i/axi_interconnect_0/s00_couplers/auto_ds/inst/gen_downsizer.gen_simple_downsizer.axi_downsizer_inst/USE_WRITE.write_addr_inst/USE_B_CHANNEL.cmd_b_queue/inst/fifo_gen_inst/inst_fifo_gen/gconvfifo.rf/grf.rf/rstblk/ngwrdrst.grst.g7serrst.gnsckt_wrst.rst_wr_reg2_inst/arststages_ff_reg[1]/Q
                         net (fo=3, routed)           0.073     1.452    radon_kria_acc_i/axi_interconnect_0/s00_couplers/auto_ds/inst/gen_downsizer.gen_simple_downsizer.axi_downsizer_inst/USE_WRITE.write_addr_inst/USE_B_CHANNEL.cmd_b_queue/inst/fifo_gen_inst/inst_fifo_gen/gconvfifo.rf/grf.rf/rstblk/ngwrdrst.rst_wr_reg2
    SLICE_X5Y87          LUT3 (Prop_G6LUT_SLICEM_I2_O)
                                                      0.037     1.489 f  radon_kria_acc_i/axi_interconnect_0/s00_couplers/auto_ds/inst/gen_downsizer.gen_simple_downsizer.axi_downsizer_inst/USE_WRITE.write_addr_inst/USE_B_CHANNEL.cmd_b_queue/inst/fifo_gen_inst/inst_fifo_gen/gconvfifo.rf/grf.rf/rstblk/gpregsm1.curr_fwft_state[1]_i_2/O
                         net (fo=32, routed)          0.104     1.593    radon_kria_acc_i/axi_interconnect_0/s00_couplers/auto_ds/inst/gen_downsizer.gen_simple_downsizer.axi_downsizer_inst/USE_WRITE.write_addr_inst/USE_B_CHANNEL.cmd_b_queue/inst/fifo_gen_inst/inst_fifo_gen/gconvfifo.rf/grf.rf/gntv_or_sync_fifo.gl0.wr/wpntr/AR[0]
    SLICE_X6Y87          FDCE                                         f  radon_kria_acc_i/axi_interconnect_0/s00_couplers/auto_ds/inst/gen_downsizer.gen_simple_downsizer.axi_downsizer_inst/USE_WRITE.write_addr_inst/USE_B_CHANNEL.cmd_b_queue/inst/fifo_gen_inst/inst_fifo_gen/gconvfifo.rf/grf.rf/gntv_or_sync_fifo.gl0.wr/wpntr/gcc0.gc0.count_d1_reg[0]/CLR
  -------------------------------------------------------------------    -------------------

                         (clock clk_pl_0 rise edge)
                                                      0.000     0.000 r  
    PS8_X0Y0             PS8                          0.000     0.000 r  radon_kria_acc_i/zynq_ultra_ps_e_0/inst/PS8_i/PLCLK[0]
                         net (fo=1, routed)           0.164     0.164    radon_kria_acc_i/zynq_ultra_ps_e_0/inst/pl_clk_unbuffered[0]
    BUFG_PS_X0Y80        BUFG_PS (Prop_BUFG_PS_I_O)
                                                      0.023     0.187 r  radon_kria_acc_i/zynq_ultra_ps_e_0/inst/buffer_pl_clk_0.PL_CLK_0_BUFG/O
    X0Y1 (CLOCK_ROOT)    net (fo=1897, routed)        1.251     1.438    radon_kria_acc_i/axi_interconnect_0/s00_couplers/auto_ds/inst/gen_downsizer.gen_simple_downsizer.axi_downsizer_inst/USE_WRITE.write_addr_inst/USE_B_CHANNEL.cmd_b_queue/inst/fifo_gen_inst/inst_fifo_gen/gconvfifo.rf/grf.rf/gntv_or_sync_fifo.gl0.wr/wpntr/clk
    SLICE_X6Y87          FDCE                                         r  radon_kria_acc_i/axi_interconnect_0/s00_couplers/auto_ds/inst/gen_downsizer.gen_simple_downsizer.axi_downsizer_inst/USE_WRITE.write_addr_inst/USE_B_CHANNEL.cmd_b_queue/inst/fifo_gen_inst/inst_fifo_gen/gconvfifo.rf/grf.rf/gntv_or_sync_fifo.gl0.wr/wpntr/gcc0.gc0.count_d1_reg[0]/C
                         clock pessimism             -0.132     1.306    
    SLICE_X6Y87          FDCE (Remov_HFF2_SLICEL_C_CLR)
                                                     -0.018     1.288    radon_kria_acc_i/axi_interconnect_0/s00_couplers/auto_ds/inst/gen_downsizer.gen_simple_downsizer.axi_downsizer_inst/USE_WRITE.write_addr_inst/USE_B_CHANNEL.cmd_b_queue/inst/fifo_gen_inst/inst_fifo_gen/gconvfifo.rf/grf.rf/gntv_or_sync_fifo.gl0.wr/wpntr/gcc0.gc0.count_d1_reg[0]
  -------------------------------------------------------------------
                         required time                         -1.288    
                         arrival time                           1.593    
  -------------------------------------------------------------------
                         slack                                  0.305    

Slack (MET) :             0.305ns  (arrival time - required time)
  Source:                 radon_kria_acc_i/axi_interconnect_0/s00_couplers/auto_ds/inst/gen_downsizer.gen_simple_downsizer.axi_downsizer_inst/USE_WRITE.write_addr_inst/USE_B_CHANNEL.cmd_b_queue/inst/fifo_gen_inst/inst_fifo_gen/gconvfifo.rf/grf.rf/rstblk/ngwrdrst.grst.g7serrst.gnsckt_wrst.rst_wr_reg2_inst/arststages_ff_reg[1]/C
                            (rising edge-triggered cell FDPE clocked by clk_pl_0  {rise@0.000ns fall@5.000ns period=10.000ns})
  Destination:            radon_kria_acc_i/axi_interconnect_0/s00_couplers/auto_ds/inst/gen_downsizer.gen_simple_downsizer.axi_downsizer_inst/USE_WRITE.write_addr_inst/USE_B_CHANNEL.cmd_b_queue/inst/fifo_gen_inst/inst_fifo_gen/gconvfifo.rf/grf.rf/gntv_or_sync_fifo.gl0.wr/wpntr/gcc0.gc0.count_d1_reg[1]/CLR
                            (removal check against rising-edge clock clk_pl_0  {rise@0.000ns fall@5.000ns period=10.000ns})
  Path Group:             **async_default**
  Path Type:              Removal (Min at Fast Process Corner)
  Requirement:            0.000ns  (clk_pl_0 rise@0.000ns - clk_pl_0 rise@0.000ns)
  Data Path Delay:        0.298ns  (logic 0.121ns (40.548%)  route 0.177ns (59.452%))
  Logic Levels:           1  (LUT3=1)
  Clock Path Skew:        0.012ns (DCD - SCD - CPR)
    Destination Clock Delay (DCD):    1.438ns
    Source Clock Delay      (SCD):    1.295ns
    Clock Pessimism Removal (CPR):    0.132ns
  Clock Net Delay (Source):      1.144ns (routing 0.572ns, distribution 0.572ns)
  Clock Net Delay (Destination): 1.251ns (routing 0.623ns, distribution 0.628ns)

    Location             Delay type                Incr(ns)  Path(ns)    Netlist Resource(s)
  -------------------------------------------------------------------    -------------------
                         (clock clk_pl_0 rise edge)
                                                      0.000     0.000 r  
    PS8_X0Y0             PS8                          0.000     0.000 r  radon_kria_acc_i/zynq_ultra_ps_e_0/inst/PS8_i/PLCLK[0]
                         net (fo=1, routed)           0.129     0.129    radon_kria_acc_i/zynq_ultra_ps_e_0/inst/pl_clk_unbuffered[0]
    BUFG_PS_X0Y80        BUFG_PS (Prop_BUFG_PS_I_O)
                                                      0.022     0.151 r  radon_kria_acc_i/zynq_ultra_ps_e_0/inst/buffer_pl_clk_0.PL_CLK_0_BUFG/O
    X0Y1 (CLOCK_ROOT)    net (fo=1897, routed)        1.144     1.295    radon_kria_acc_i/axi_interconnect_0/s00_couplers/auto_ds/inst/gen_downsizer.gen_simple_downsizer.axi_downsizer_inst/USE_WRITE.write_addr_inst/USE_B_CHANNEL.cmd_b_queue/inst/fifo_gen_inst/inst_fifo_gen/gconvfifo.rf/grf.rf/rstblk/ngwrdrst.grst.g7serrst.gnsckt_wrst.rst_wr_reg2_inst/dest_clk
    SLICE_X5Y87          FDPE                                         r  radon_kria_acc_i/axi_interconnect_0/s00_couplers/auto_ds/inst/gen_downsizer.gen_simple_downsizer.axi_downsizer_inst/USE_WRITE.write_addr_inst/USE_B_CHANNEL.cmd_b_queue/inst/fifo_gen_inst/inst_fifo_gen/gconvfifo.rf/grf.rf/rstblk/ngwrdrst.grst.g7serrst.gnsckt_wrst.rst_wr_reg2_inst/arststages_ff_reg[1]/C
  -------------------------------------------------------------------    -------------------
    SLICE_X5Y87          FDPE (Prop_AFF2_SLICEM_C_Q)
                                                      0.084     1.379 f  radon_kria_acc_i/axi_interconnect_0/s00_couplers/auto_ds/inst/gen_downsizer.gen_simple_downsizer.axi_downsizer_inst/USE_WRITE.write_addr_inst/USE_B_CHANNEL.cmd_b_queue/inst/fifo_gen_inst/inst_fifo_gen/gconvfifo.rf/grf.rf/rstblk/ngwrdrst.grst.g7serrst.gnsckt_wrst.rst_wr_reg2_inst/arststages_ff_reg[1]/Q
                         net (fo=3, routed)           0.073     1.452    radon_kria_acc_i/axi_interconnect_0/s00_couplers/auto_ds/inst/gen_downsizer.gen_simple_downsizer.axi_downsizer_inst/USE_WRITE.write_addr_inst/USE_B_CHANNEL.cmd_b_queue/inst/fifo_gen_inst/inst_fifo_gen/gconvfifo.rf/grf.rf/rstblk/ngwrdrst.rst_wr_reg2
    SLICE_X5Y87          LUT3 (Prop_G6LUT_SLICEM_I2_O)
                                                      0.037     1.489 f  radon_kria_acc_i/axi_interconnect_0/s00_couplers/auto_ds/inst/gen_downsizer.gen_simple_downsizer.axi_downsizer_inst/USE_WRITE.write_addr_inst/USE_B_CHANNEL.cmd_b_queue/inst/fifo_gen_inst/inst_fifo_gen/gconvfifo.rf/grf.rf/rstblk/gpregsm1.curr_fwft_state[1]_i_2/O
                         net (fo=32, routed)          0.104     1.593    radon_kria_acc_i/axi_interconnect_0/s00_couplers/auto_ds/inst/gen_downsizer.gen_simple_downsizer.axi_downsizer_inst/USE_WRITE.write_addr_inst/USE_B_CHANNEL.cmd_b_queue/inst/fifo_gen_inst/inst_fifo_gen/gconvfifo.rf/grf.rf/gntv_or_sync_fifo.gl0.wr/wpntr/AR[0]
    SLICE_X6Y87          FDCE                                         f  radon_kria_acc_i/axi_interconnect_0/s00_couplers/auto_ds/inst/gen_downsizer.gen_simple_downsizer.axi_downsizer_inst/USE_WRITE.write_addr_inst/USE_B_CHANNEL.cmd_b_queue/inst/fifo_gen_inst/inst_fifo_gen/gconvfifo.rf/grf.rf/gntv_or_sync_fifo.gl0.wr/wpntr/gcc0.gc0.count_d1_reg[1]/CLR
  -------------------------------------------------------------------    -------------------

                         (clock clk_pl_0 rise edge)
                                                      0.000     0.000 r  
    PS8_X0Y0             PS8                          0.000     0.000 r  radon_kria_acc_i/zynq_ultra_ps_e_0/inst/PS8_i/PLCLK[0]
                         net (fo=1, routed)           0.164     0.164    radon_kria_acc_i/zynq_ultra_ps_e_0/inst/pl_clk_unbuffered[0]
    BUFG_PS_X0Y80        BUFG_PS (Prop_BUFG_PS_I_O)
                                                      0.023     0.187 r  radon_kria_acc_i/zynq_ultra_ps_e_0/inst/buffer_pl_clk_0.PL_CLK_0_BUFG/O
    X0Y1 (CLOCK_ROOT)    net (fo=1897, routed)        1.251     1.438    radon_kria_acc_i/axi_interconnect_0/s00_couplers/auto_ds/inst/gen_downsizer.gen_simple_downsizer.axi_downsizer_inst/USE_WRITE.write_addr_inst/USE_B_CHANNEL.cmd_b_queue/inst/fifo_gen_inst/inst_fifo_gen/gconvfifo.rf/grf.rf/gntv_or_sync_fifo.gl0.wr/wpntr/clk
    SLICE_X6Y87          FDCE                                         r  radon_kria_acc_i/axi_interconnect_0/s00_couplers/auto_ds/inst/gen_downsizer.gen_simple_downsizer.axi_downsizer_inst/USE_WRITE.write_addr_inst/USE_B_CHANNEL.cmd_b_queue/inst/fifo_gen_inst/inst_fifo_gen/gconvfifo.rf/grf.rf/gntv_or_sync_fifo.gl0.wr/wpntr/gcc0.gc0.count_d1_reg[1]/C
                         clock pessimism             -0.132     1.306    
    SLICE_X6Y87          FDCE (Remov_GFF2_SLICEL_C_CLR)
                                                     -0.018     1.288    radon_kria_acc_i/axi_interconnect_0/s00_couplers/auto_ds/inst/gen_downsizer.gen_simple_downsizer.axi_downsizer_inst/USE_WRITE.write_addr_inst/USE_B_CHANNEL.cmd_b_queue/inst/fifo_gen_inst/inst_fifo_gen/gconvfifo.rf/grf.rf/gntv_or_sync_fifo.gl0.wr/wpntr/gcc0.gc0.count_d1_reg[1]
  -------------------------------------------------------------------
                         required time                         -1.288    
                         arrival time                           1.593    
  -------------------------------------------------------------------
                         slack                                  0.305    

Slack (MET) :             0.305ns  (arrival time - required time)
  Source:                 radon_kria_acc_i/axi_interconnect_0/s00_couplers/auto_ds/inst/gen_downsizer.gen_simple_downsizer.axi_downsizer_inst/USE_WRITE.write_addr_inst/USE_B_CHANNEL.cmd_b_queue/inst/fifo_gen_inst/inst_fifo_gen/gconvfifo.rf/grf.rf/rstblk/ngwrdrst.grst.g7serrst.gnsckt_wrst.rst_wr_reg2_inst/arststages_ff_reg[1]/C
                            (rising edge-triggered cell FDPE clocked by clk_pl_0  {rise@0.000ns fall@5.000ns period=10.000ns})
  Destination:            radon_kria_acc_i/axi_interconnect_0/s00_couplers/auto_ds/inst/gen_downsizer.gen_simple_downsizer.axi_downsizer_inst/USE_WRITE.write_addr_inst/USE_B_CHANNEL.cmd_b_queue/inst/fifo_gen_inst/inst_fifo_gen/gconvfifo.rf/grf.rf/gntv_or_sync_fifo.gl0.wr/wpntr/gcc0.gc0.count_reg[1]/CLR
                            (removal check against rising-edge clock clk_pl_0  {rise@0.000ns fall@5.000ns period=10.000ns})
  Path Group:             **async_default**
  Path Type:              Removal (Min at Fast Process Corner)
  Requirement:            0.000ns  (clk_pl_0 rise@0.000ns - clk_pl_0 rise@0.000ns)
  Data Path Delay:        0.298ns  (logic 0.121ns (40.548%)  route 0.177ns (59.452%))
  Logic Levels:           1  (LUT3=1)
  Clock Path Skew:        0.012ns (DCD - SCD - CPR)
    Destination Clock Delay (DCD):    1.438ns
    Source Clock Delay      (SCD):    1.295ns
    Clock Pessimism Removal (CPR):    0.132ns
  Clock Net Delay (Source):      1.144ns (routing 0.572ns, distribution 0.572ns)
  Clock Net Delay (Destination): 1.251ns (routing 0.623ns, distribution 0.628ns)

    Location             Delay type                Incr(ns)  Path(ns)    Netlist Resource(s)
  -------------------------------------------------------------------    -------------------
                         (clock clk_pl_0 rise edge)
                                                      0.000     0.000 r  
    PS8_X0Y0             PS8                          0.000     0.000 r  radon_kria_acc_i/zynq_ultra_ps_e_0/inst/PS8_i/PLCLK[0]
                         net (fo=1, routed)           0.129     0.129    radon_kria_acc_i/zynq_ultra_ps_e_0/inst/pl_clk_unbuffered[0]
    BUFG_PS_X0Y80        BUFG_PS (Prop_BUFG_PS_I_O)
                                                      0.022     0.151 r  radon_kria_acc_i/zynq_ultra_ps_e_0/inst/buffer_pl_clk_0.PL_CLK_0_BUFG/O
    X0Y1 (CLOCK_ROOT)    net (fo=1897, routed)        1.144     1.295    radon_kria_acc_i/axi_interconnect_0/s00_couplers/auto_ds/inst/gen_downsizer.gen_simple_downsizer.axi_downsizer_inst/USE_WRITE.write_addr_inst/USE_B_CHANNEL.cmd_b_queue/inst/fifo_gen_inst/inst_fifo_gen/gconvfifo.rf/grf.rf/rstblk/ngwrdrst.grst.g7serrst.gnsckt_wrst.rst_wr_reg2_inst/dest_clk
    SLICE_X5Y87          FDPE                                         r  radon_kria_acc_i/axi_interconnect_0/s00_couplers/auto_ds/inst/gen_downsizer.gen_simple_downsizer.axi_downsizer_inst/USE_WRITE.write_addr_inst/USE_B_CHANNEL.cmd_b_queue/inst/fifo_gen_inst/inst_fifo_gen/gconvfifo.rf/grf.rf/rstblk/ngwrdrst.grst.g7serrst.gnsckt_wrst.rst_wr_reg2_inst/arststages_ff_reg[1]/C
  -------------------------------------------------------------------    -------------------
    SLICE_X5Y87          FDPE (Prop_AFF2_SLICEM_C_Q)
                                                      0.084     1.379 f  radon_kria_acc_i/axi_interconnect_0/s00_couplers/auto_ds/inst/gen_downsizer.gen_simple_downsizer.axi_downsizer_inst/USE_WRITE.write_addr_inst/USE_B_CHANNEL.cmd_b_queue/inst/fifo_gen_inst/inst_fifo_gen/gconvfifo.rf/grf.rf/rstblk/ngwrdrst.grst.g7serrst.gnsckt_wrst.rst_wr_reg2_inst/arststages_ff_reg[1]/Q
                         net (fo=3, routed)           0.073     1.452    radon_kria_acc_i/axi_interconnect_0/s00_couplers/auto_ds/inst/gen_downsizer.gen_simple_downsizer.axi_downsizer_inst/USE_WRITE.write_addr_inst/USE_B_CHANNEL.cmd_b_queue/inst/fifo_gen_inst/inst_fifo_gen/gconvfifo.rf/grf.rf/rstblk/ngwrdrst.rst_wr_reg2
    SLICE_X5Y87          LUT3 (Prop_G6LUT_SLICEM_I2_O)
                                                      0.037     1.489 f  radon_kria_acc_i/axi_interconnect_0/s00_couplers/auto_ds/inst/gen_downsizer.gen_simple_downsizer.axi_downsizer_inst/USE_WRITE.write_addr_inst/USE_B_CHANNEL.cmd_b_queue/inst/fifo_gen_inst/inst_fifo_gen/gconvfifo.rf/grf.rf/rstblk/gpregsm1.curr_fwft_state[1]_i_2/O
                         net (fo=32, routed)          0.104     1.593    radon_kria_acc_i/axi_interconnect_0/s00_couplers/auto_ds/inst/gen_downsizer.gen_simple_downsizer.axi_downsizer_inst/USE_WRITE.write_addr_inst/USE_B_CHANNEL.cmd_b_queue/inst/fifo_gen_inst/inst_fifo_gen/gconvfifo.rf/grf.rf/gntv_or_sync_fifo.gl0.wr/wpntr/AR[0]
    SLICE_X6Y87          FDCE                                         f  radon_kria_acc_i/axi_interconnect_0/s00_couplers/auto_ds/inst/gen_downsizer.gen_simple_downsizer.axi_downsizer_inst/USE_WRITE.write_addr_inst/USE_B_CHANNEL.cmd_b_queue/inst/fifo_gen_inst/inst_fifo_gen/gconvfifo.rf/grf.rf/gntv_or_sync_fifo.gl0.wr/wpntr/gcc0.gc0.count_reg[1]/CLR
  -------------------------------------------------------------------    -------------------

                         (clock clk_pl_0 rise edge)
                                                      0.000     0.000 r  
    PS8_X0Y0             PS8                          0.000     0.000 r  radon_kria_acc_i/zynq_ultra_ps_e_0/inst/PS8_i/PLCLK[0]
                         net (fo=1, routed)           0.164     0.164    radon_kria_acc_i/zynq_ultra_ps_e_0/inst/pl_clk_unbuffered[0]
    BUFG_PS_X0Y80        BUFG_PS (Prop_BUFG_PS_I_O)
                                                      0.023     0.187 r  radon_kria_acc_i/zynq_ultra_ps_e_0/inst/buffer_pl_clk_0.PL_CLK_0_BUFG/O
    X0Y1 (CLOCK_ROOT)    net (fo=1897, routed)        1.251     1.438    radon_kria_acc_i/axi_interconnect_0/s00_couplers/auto_ds/inst/gen_downsizer.gen_simple_downsizer.axi_downsizer_inst/USE_WRITE.write_addr_inst/USE_B_CHANNEL.cmd_b_queue/inst/fifo_gen_inst/inst_fifo_gen/gconvfifo.rf/grf.rf/gntv_or_sync_fifo.gl0.wr/wpntr/clk
    SLICE_X6Y87          FDCE                                         r  radon_kria_acc_i/axi_interconnect_0/s00_couplers/auto_ds/inst/gen_downsizer.gen_simple_downsizer.axi_downsizer_inst/USE_WRITE.write_addr_inst/USE_B_CHANNEL.cmd_b_queue/inst/fifo_gen_inst/inst_fifo_gen/gconvfifo.rf/grf.rf/gntv_or_sync_fifo.gl0.wr/wpntr/gcc0.gc0.count_reg[1]/C
                         clock pessimism             -0.132     1.306    
    SLICE_X6Y87          FDCE (Remov_FFF2_SLICEL_C_CLR)
                                                     -0.018     1.288    radon_kria_acc_i/axi_interconnect_0/s00_couplers/auto_ds/inst/gen_downsizer.gen_simple_downsizer.axi_downsizer_inst/USE_WRITE.write_addr_inst/USE_B_CHANNEL.cmd_b_queue/inst/fifo_gen_inst/inst_fifo_gen/gconvfifo.rf/grf.rf/gntv_or_sync_fifo.gl0.wr/wpntr/gcc0.gc0.count_reg[1]
  -------------------------------------------------------------------
                         required time                         -1.288    
                         arrival time                           1.593    
  -------------------------------------------------------------------
                         slack                                  0.305    

Slack (MET) :             0.306ns  (arrival time - required time)
  Source:                 radon_kria_acc_i/axi_interconnect_0/s00_couplers/auto_ds/inst/gen_downsizer.gen_simple_downsizer.axi_downsizer_inst/USE_READ.read_addr_inst/cmd_queue/inst/fifo_gen_inst/inst_fifo_gen/gconvfifo.rf/grf.rf/rstblk/ngwrdrst.grst.g7serrst.gnsckt_wrst.gcc_rst.sckt_wr_rst_cc_reg[0]/C
                            (rising edge-triggered cell FDRE clocked by clk_pl_0  {rise@0.000ns fall@5.000ns period=10.000ns})
  Destination:            radon_kria_acc_i/axi_interconnect_0/s00_couplers/auto_ds/inst/gen_downsizer.gen_simple_downsizer.axi_downsizer_inst/USE_READ.read_addr_inst/cmd_queue/inst/fifo_gen_inst/inst_fifo_gen/gconvfifo.rf/grf.rf/gntv_or_sync_fifo.gl0.rd/gr1.gr1_int.rfwft/empty_fwft_i_reg/PRE
                            (removal check against rising-edge clock clk_pl_0  {rise@0.000ns fall@5.000ns period=10.000ns})
  Path Group:             **async_default**
  Path Type:              Removal (Min at Fast Process Corner)
  Requirement:            0.000ns  (clk_pl_0 rise@0.000ns - clk_pl_0 rise@0.000ns)
  Data Path Delay:        0.319ns  (logic 0.172ns (53.891%)  route 0.147ns (46.109%))
  Logic Levels:           1  (LUT3=1)
  Clock Path Skew:        0.031ns (DCD - SCD - CPR)
    Destination Clock Delay (DCD):    1.431ns
    Source Clock Delay      (SCD):    1.298ns
    Clock Pessimism Removal (CPR):    0.102ns
  Clock Net Delay (Source):      1.147ns (routing 0.572ns, distribution 0.575ns)
  Clock Net Delay (Destination): 1.244ns (routing 0.623ns, distribution 0.621ns)

    Location             Delay type                Incr(ns)  Path(ns)    Netlist Resource(s)
  -------------------------------------------------------------------    -------------------
                         (clock clk_pl_0 rise edge)
                                                      0.000     0.000 r  
    PS8_X0Y0             PS8                          0.000     0.000 r  radon_kria_acc_i/zynq_ultra_ps_e_0/inst/PS8_i/PLCLK[0]
                         net (fo=1, routed)           0.129     0.129    radon_kria_acc_i/zynq_ultra_ps_e_0/inst/pl_clk_unbuffered[0]
    BUFG_PS_X0Y80        BUFG_PS (Prop_BUFG_PS_I_O)
                                                      0.022     0.151 r  radon_kria_acc_i/zynq_ultra_ps_e_0/inst/buffer_pl_clk_0.PL_CLK_0_BUFG/O
    X0Y1 (CLOCK_ROOT)    net (fo=1897, routed)        1.147     1.298    radon_kria_acc_i/axi_interconnect_0/s00_couplers/auto_ds/inst/gen_downsizer.gen_simple_downsizer.axi_downsizer_inst/USE_READ.read_addr_inst/cmd_queue/inst/fifo_gen_inst/inst_fifo_gen/gconvfifo.rf/grf.rf/rstblk/clk
    SLICE_X5Y107         FDRE                                         r  radon_kria_acc_i/axi_interconnect_0/s00_couplers/auto_ds/inst/gen_downsizer.gen_simple_downsizer.axi_downsizer_inst/USE_READ.read_addr_inst/cmd_queue/inst/fifo_gen_inst/inst_fifo_gen/gconvfifo.rf/grf.rf/rstblk/ngwrdrst.grst.g7serrst.gnsckt_wrst.gcc_rst.sckt_wr_rst_cc_reg[0]/C
  -------------------------------------------------------------------    -------------------
    SLICE_X5Y107         FDRE (Prop_EFF_SLICEM_C_Q)
                                                      0.082     1.380 f  radon_kria_acc_i/axi_interconnect_0/s00_couplers/auto_ds/inst/gen_downsizer.gen_simple_downsizer.axi_downsizer_inst/USE_READ.read_addr_inst/cmd_queue/inst/fifo_gen_inst/inst_fifo_gen/gconvfifo.rf/grf.rf/rstblk/ngwrdrst.grst.g7serrst.gnsckt_wrst.gcc_rst.sckt_wr_rst_cc_reg[0]/Q
                         net (fo=3, routed)           0.032     1.412    radon_kria_acc_i/axi_interconnect_0/s00_couplers/auto_ds/inst/gen_downsizer.gen_simple_downsizer.axi_downsizer_inst/USE_READ.read_addr_inst/cmd_queue/inst/fifo_gen_inst/inst_fifo_gen/gconvfifo.rf/grf.rf/rstblk/ngwrdrst.grst.g7serrst.gnsckt_wrst.gcc_rst.sckt_wr_rst_cc[0]
    SLICE_X5Y107         LUT3 (Prop_G6LUT_SLICEM_I1_O)
                                                      0.090     1.502 f  radon_kria_acc_i/axi_interconnect_0/s00_couplers/auto_ds/inst/gen_downsizer.gen_simple_downsizer.axi_downsizer_inst/USE_READ.read_addr_inst/cmd_queue/inst/fifo_gen_inst/inst_fifo_gen/gconvfifo.rf/grf.rf/rstblk/gpregsm1.curr_fwft_state[1]_i_2/O
                         net (fo=32, routed)          0.115     1.617    radon_kria_acc_i/axi_interconnect_0/s00_couplers/auto_ds/inst/gen_downsizer.gen_simple_downsizer.axi_downsizer_inst/USE_READ.read_addr_inst/cmd_queue/inst/fifo_gen_inst/inst_fifo_gen/gconvfifo.rf/grf.rf/gntv_or_sync_fifo.gl0.rd/gr1.gr1_int.rfwft/gpregsm1.user_valid_reg_0
    SLICE_X4Y108         FDPE                                         f  radon_kria_acc_i/axi_interconnect_0/s00_couplers/auto_ds/inst/gen_downsizer.gen_simple_downsizer.axi_downsizer_inst/USE_READ.read_addr_inst/cmd_queue/inst/fifo_gen_inst/inst_fifo_gen/gconvfifo.rf/grf.rf/gntv_or_sync_fifo.gl0.rd/gr1.gr1_int.rfwft/empty_fwft_i_reg/PRE
  -------------------------------------------------------------------    -------------------

                         (clock clk_pl_0 rise edge)
                                                      0.000     0.000 r  
    PS8_X0Y0             PS8                          0.000     0.000 r  radon_kria_acc_i/zynq_ultra_ps_e_0/inst/PS8_i/PLCLK[0]
                         net (fo=1, routed)           0.164     0.164    radon_kria_acc_i/zynq_ultra_ps_e_0/inst/pl_clk_unbuffered[0]
    BUFG_PS_X0Y80        BUFG_PS (Prop_BUFG_PS_I_O)
                                                      0.023     0.187 r  radon_kria_acc_i/zynq_ultra_ps_e_0/inst/buffer_pl_clk_0.PL_CLK_0_BUFG/O
    X0Y1 (CLOCK_ROOT)    net (fo=1897, routed)        1.244     1.431    radon_kria_acc_i/axi_interconnect_0/s00_couplers/auto_ds/inst/gen_downsizer.gen_simple_downsizer.axi_downsizer_inst/USE_READ.read_addr_inst/cmd_queue/inst/fifo_gen_inst/inst_fifo_gen/gconvfifo.rf/grf.rf/gntv_or_sync_fifo.gl0.rd/gr1.gr1_int.rfwft/clk
    SLICE_X4Y108         FDPE                                         r  radon_kria_acc_i/axi_interconnect_0/s00_couplers/auto_ds/inst/gen_downsizer.gen_simple_downsizer.axi_downsizer_inst/USE_READ.read_addr_inst/cmd_queue/inst/fifo_gen_inst/inst_fifo_gen/gconvfifo.rf/grf.rf/gntv_or_sync_fifo.gl0.rd/gr1.gr1_int.rfwft/empty_fwft_i_reg/C
                         clock pessimism             -0.102     1.329    
    SLICE_X4Y108         FDPE (Remov_EFF_SLICEM_C_PRE)
                                                     -0.018     1.311    radon_kria_acc_i/axi_interconnect_0/s00_couplers/auto_ds/inst/gen_downsizer.gen_simple_downsizer.axi_downsizer_inst/USE_READ.read_addr_inst/cmd_queue/inst/fifo_gen_inst/inst_fifo_gen/gconvfifo.rf/grf.rf/gntv_or_sync_fifo.gl0.rd/gr1.gr1_int.rfwft/empty_fwft_i_reg
  -------------------------------------------------------------------
                         required time                         -1.311    
                         arrival time                           1.617    
  -------------------------------------------------------------------
                         slack                                  0.306    





--------------------------------------------------------------------------------------
Path Group:  (none)
From Clock:  
  To Clock:  clk_pl_0

Max Delay             1 Endpoint
Min Delay             1 Endpoint
--------------------------------------------------------------------------------------


Max Delay Paths
--------------------------------------------------------------------------------------
Slack:                    inf
  Source:                 radon_kria_acc_i/zynq_ultra_ps_e_0/inst/PS8_i/EMIOGPIOO[95]
                            (internal pin)
  Destination:            radon_kria_acc_i/rst_ps8_0_99M/U0/EXT_LPF/ACTIVE_LOW_EXT.ACT_LO_EXT/GENERATE_LEVEL_P_S_CDC.SINGLE_BIT.CROSS_PLEVEL_IN2SCNDRY_IN_cdc_to/D
                            (rising edge-triggered cell FDRE clocked by clk_pl_0  {rise@0.000ns fall@5.000ns period=10.000ns})
  Path Group:             (none)
  Path Type:              Setup (Max at Slow Process Corner)
  Data Path Delay:        1.826ns  (logic 0.228ns (12.486%)  route 1.598ns (87.514%))
  Logic Levels:           1  (LUT1=1)
  Clock Uncertainty:      0.158ns  ((TSJ^2 + DJ^2)^1/2) / 2 + PE
    Total System Jitter     (TSJ):    0.050ns
    Discrete Jitter          (DJ):    0.312ns
    Phase Error              (PE):    0.000ns
  Clock Net Delay (Destination): 1.924ns (routing 0.955ns, distribution 0.969ns)
  Timing Exception:       False Path

    Location             Delay type                Incr(ns)  Path(ns)    Netlist Resource(s)
  -------------------------------------------------------------------    -------------------
    PS8_X0Y0             PS8                          0.000     0.000 f  radon_kria_acc_i/zynq_ultra_ps_e_0/inst/PS8_i/EMIOGPIOO[95]
                         net (fo=1, routed)           1.223     1.223    radon_kria_acc_i/rst_ps8_0_99M/U0/EXT_LPF/ACTIVE_LOW_EXT.ACT_LO_EXT/ext_reset_in
    SLICE_X1Y145         LUT1 (Prop_H6LUT_SLICEM_I0_O)
                                                      0.228     1.451 r  radon_kria_acc_i/rst_ps8_0_99M/U0/EXT_LPF/ACTIVE_LOW_EXT.ACT_LO_EXT/GENERATE_LEVEL_P_S_CDC.SINGLE_BIT.CROSS_PLEVEL_IN2SCNDRY_IN_cdc_to_i_1/O
                         net (fo=1, routed)           0.375     1.826    radon_kria_acc_i/rst_ps8_0_99M/U0/EXT_LPF/ACTIVE_LOW_EXT.ACT_LO_EXT/exr_d1
    SLICE_X1Y145         FDRE                                         r  radon_kria_acc_i/rst_ps8_0_99M/U0/EXT_LPF/ACTIVE_LOW_EXT.ACT_LO_EXT/GENERATE_LEVEL_P_S_CDC.SINGLE_BIT.CROSS_PLEVEL_IN2SCNDRY_IN_cdc_to/D
  -------------------------------------------------------------------    -------------------

                         (clock clk_pl_0 rise edge)
                                                      0.000     0.000 r  
    PS8_X0Y0             PS8                          0.000     0.000 r  radon_kria_acc_i/zynq_ultra_ps_e_0/inst/PS8_i/PLCLK[0]
                         net (fo=1, routed)           0.181     0.181    radon_kria_acc_i/zynq_ultra_ps_e_0/inst/pl_clk_unbuffered[0]
    BUFG_PS_X0Y80        BUFG_PS (Prop_BUFG_PS_I_O)
                                                      0.035     0.216 r  radon_kria_acc_i/zynq_ultra_ps_e_0/inst/buffer_pl_clk_0.PL_CLK_0_BUFG/O
    X0Y1 (CLOCK_ROOT)    net (fo=1897, routed)        1.924     2.140    radon_kria_acc_i/rst_ps8_0_99M/U0/EXT_LPF/ACTIVE_LOW_EXT.ACT_LO_EXT/slowest_sync_clk
    SLICE_X1Y145         FDRE                                         r  radon_kria_acc_i/rst_ps8_0_99M/U0/EXT_LPF/ACTIVE_LOW_EXT.ACT_LO_EXT/GENERATE_LEVEL_P_S_CDC.SINGLE_BIT.CROSS_PLEVEL_IN2SCNDRY_IN_cdc_to/C





Min Delay Paths
--------------------------------------------------------------------------------------
Slack:                    inf
  Source:                 radon_kria_acc_i/zynq_ultra_ps_e_0/inst/PS8_i/EMIOGPIOO[95]
                            (internal pin)
  Destination:            radon_kria_acc_i/rst_ps8_0_99M/U0/EXT_LPF/ACTIVE_LOW_EXT.ACT_LO_EXT/GENERATE_LEVEL_P_S_CDC.SINGLE_BIT.CROSS_PLEVEL_IN2SCNDRY_IN_cdc_to/D
                            (rising edge-triggered cell FDRE clocked by clk_pl_0  {rise@0.000ns fall@5.000ns period=10.000ns})
  Path Group:             (none)
  Path Type:              Hold (Min at Fast Process Corner)
  Data Path Delay:        0.706ns  (logic 0.106ns (15.014%)  route 0.600ns (84.986%))
  Logic Levels:           1  (LUT1=1)
  Clock Uncertainty:      0.158ns  ((TSJ^2 + DJ^2)^1/2) / 2 + PE
    Total System Jitter     (TSJ):    0.050ns
    Discrete Jitter          (DJ):    0.312ns
    Phase Error              (PE):    0.000ns
  Clock Net Delay (Destination): 1.282ns (routing 0.623ns, distribution 0.659ns)
  Timing Exception:       False Path

    Location             Delay type                Incr(ns)  Path(ns)    Netlist Resource(s)
  -------------------------------------------------------------------    -------------------
    PS8_X0Y0             PS8                          0.000     0.000 f  radon_kria_acc_i/zynq_ultra_ps_e_0/inst/PS8_i/EMIOGPIOO[95]
                         net (fo=1, routed)           0.483     0.483    radon_kria_acc_i/rst_ps8_0_99M/U0/EXT_LPF/ACTIVE_LOW_EXT.ACT_LO_EXT/ext_reset_in
    SLICE_X1Y145         LUT1 (Prop_H6LUT_SLICEM_I0_O)
                                                      0.106     0.589 r  radon_kria_acc_i/rst_ps8_0_99M/U0/EXT_LPF/ACTIVE_LOW_EXT.ACT_LO_EXT/GENERATE_LEVEL_P_S_CDC.SINGLE_BIT.CROSS_PLEVEL_IN2SCNDRY_IN_cdc_to_i_1/O
                         net (fo=1, routed)           0.117     0.706    radon_kria_acc_i/rst_ps8_0_99M/U0/EXT_LPF/ACTIVE_LOW_EXT.ACT_LO_EXT/exr_d1
    SLICE_X1Y145         FDRE                                         r  radon_kria_acc_i/rst_ps8_0_99M/U0/EXT_LPF/ACTIVE_LOW_EXT.ACT_LO_EXT/GENERATE_LEVEL_P_S_CDC.SINGLE_BIT.CROSS_PLEVEL_IN2SCNDRY_IN_cdc_to/D
  -------------------------------------------------------------------    -------------------

                         (clock clk_pl_0 rise edge)
                                                      0.000     0.000 r  
    PS8_X0Y0             PS8                          0.000     0.000 r  radon_kria_acc_i/zynq_ultra_ps_e_0/inst/PS8_i/PLCLK[0]
                         net (fo=1, routed)           0.164     0.164    radon_kria_acc_i/zynq_ultra_ps_e_0/inst/pl_clk_unbuffered[0]
    BUFG_PS_X0Y80        BUFG_PS (Prop_BUFG_PS_I_O)
                                                      0.023     0.187 r  radon_kria_acc_i/zynq_ultra_ps_e_0/inst/buffer_pl_clk_0.PL_CLK_0_BUFG/O
    X0Y1 (CLOCK_ROOT)    net (fo=1897, routed)        1.282     1.469    radon_kria_acc_i/rst_ps8_0_99M/U0/EXT_LPF/ACTIVE_LOW_EXT.ACT_LO_EXT/slowest_sync_clk
    SLICE_X1Y145         FDRE                                         r  radon_kria_acc_i/rst_ps8_0_99M/U0/EXT_LPF/ACTIVE_LOW_EXT.ACT_LO_EXT/GENERATE_LEVEL_P_S_CDC.SINGLE_BIT.CROSS_PLEVEL_IN2SCNDRY_IN_cdc_to/C





--------------------------------------------------------------------------------------
Path Group:  (none)
From Clock:  clk_pl_0
  To Clock:  clk_pl_0

Max Delay             6 Endpoints
Min Delay             6 Endpoints
--------------------------------------------------------------------------------------


Max Delay Paths
--------------------------------------------------------------------------------------
Slack:                    inf
  Source:                 radon_kria_acc_i/rst_ps8_0_99M/U0/ACTIVE_LOW_PR_OUT_DFF[0].FDRE_PER_N/C
                            (rising edge-triggered cell FDRE clocked by clk_pl_0  {rise@0.000ns fall@5.000ns period=10.000ns})
  Destination:            radon_kria_acc_i/axi_interconnect_0/s00_couplers/auto_ds/inst/gen_downsizer.gen_simple_downsizer.axi_downsizer_inst/USE_READ.read_addr_inst/cmd_queue/inst/fifo_gen_inst/inst_fifo_gen/gconvfifo.rf/grf.rf/rstblk/ngwrdrst.grst.g7serrst.gnsckt_wrst.rst_wr_reg2_inst/arststages_ff_reg[0]/PRE
                            (recovery check against rising-edge clock clk_pl_0  {rise@0.000ns fall@5.000ns period=10.000ns})
  Path Group:             (none)
  Path Type:              Recovery (Max at Slow Process Corner)
  Data Path Delay:        1.790ns  (logic 0.113ns (6.313%)  route 1.677ns (93.687%))
  Logic Levels:           0  
  Clock Path Skew:        -0.313ns (DCD - SCD + CPR)
    Destination Clock Delay (DCD):    2.102ns
    Source Clock Delay      (SCD):    2.415ns
    Clock Pessimism Removal (CPR):    0.000ns
  Clock Uncertainty:      0.160ns  ((TSJ^2 + DJ^2)^1/2) / 2 + PE
    Total System Jitter     (TSJ):    0.071ns
    Discrete Jitter          (DJ):    0.312ns
    Phase Error              (PE):    0.000ns
  Clock Net Delay (Source):      2.148ns (routing 1.045ns, distribution 1.103ns)
  Clock Net Delay (Destination): 1.886ns (routing 0.955ns, distribution 0.931ns)
  Timing Exception:       False Path

    Location             Delay type                Incr(ns)  Path(ns)    Netlist Resource(s)
  -------------------------------------------------------------------    -------------------
                         (clock clk_pl_0 rise edge)
                                                      0.000     0.000 r  
    PS8_X0Y0             PS8                          0.000     0.000 r  radon_kria_acc_i/zynq_ultra_ps_e_0/inst/PS8_i/PLCLK[0]
                         net (fo=1, routed)           0.229     0.229    radon_kria_acc_i/zynq_ultra_ps_e_0/inst/pl_clk_unbuffered[0]
    BUFG_PS_X0Y80        BUFG_PS (Prop_BUFG_PS_I_O)
                                                      0.038     0.267 r  radon_kria_acc_i/zynq_ultra_ps_e_0/inst/buffer_pl_clk_0.PL_CLK_0_BUFG/O
    X0Y1 (CLOCK_ROOT)    net (fo=1897, routed)        2.148     2.415    radon_kria_acc_i/rst_ps8_0_99M/U0/slowest_sync_clk
    SLICE_X2Y140         FDRE                                         r  radon_kria_acc_i/rst_ps8_0_99M/U0/ACTIVE_LOW_PR_OUT_DFF[0].FDRE_PER_N/C
  -------------------------------------------------------------------    -------------------
    SLICE_X2Y140         FDRE (Prop_EFF_SLICEM_C_Q)
                                                      0.113     2.528 r  radon_kria_acc_i/rst_ps8_0_99M/U0/ACTIVE_LOW_PR_OUT_DFF[0].FDRE_PER_N/Q
                         net (fo=480, routed)         1.677     4.205    radon_kria_acc_i/axi_interconnect_0/s00_couplers/auto_ds/inst/gen_downsizer.gen_simple_downsizer.axi_downsizer_inst/USE_READ.read_addr_inst/cmd_queue/inst/fifo_gen_inst/inst_fifo_gen/gconvfifo.rf/grf.rf/rstblk/ngwrdrst.grst.g7serrst.gnsckt_wrst.rst_wr_reg2_inst/src_arst
    SLICE_X5Y106         FDPE                                         f  radon_kria_acc_i/axi_interconnect_0/s00_couplers/auto_ds/inst/gen_downsizer.gen_simple_downsizer.axi_downsizer_inst/USE_READ.read_addr_inst/cmd_queue/inst/fifo_gen_inst/inst_fifo_gen/gconvfifo.rf/grf.rf/rstblk/ngwrdrst.grst.g7serrst.gnsckt_wrst.rst_wr_reg2_inst/arststages_ff_reg[0]/PRE  (IS_INVERTED)
  -------------------------------------------------------------------    -------------------

                         (clock clk_pl_0 rise edge)
                                                      0.000     0.000 r  
    PS8_X0Y0             PS8                          0.000     0.000 r  radon_kria_acc_i/zynq_ultra_ps_e_0/inst/PS8_i/PLCLK[0]
                         net (fo=1, routed)           0.181     0.181    radon_kria_acc_i/zynq_ultra_ps_e_0/inst/pl_clk_unbuffered[0]
    BUFG_PS_X0Y80        BUFG_PS (Prop_BUFG_PS_I_O)
                                                      0.035     0.216 r  radon_kria_acc_i/zynq_ultra_ps_e_0/inst/buffer_pl_clk_0.PL_CLK_0_BUFG/O
    X0Y1 (CLOCK_ROOT)    net (fo=1897, routed)        1.886     2.102    radon_kria_acc_i/axi_interconnect_0/s00_couplers/auto_ds/inst/gen_downsizer.gen_simple_downsizer.axi_downsizer_inst/USE_READ.read_addr_inst/cmd_queue/inst/fifo_gen_inst/inst_fifo_gen/gconvfifo.rf/grf.rf/rstblk/ngwrdrst.grst.g7serrst.gnsckt_wrst.rst_wr_reg2_inst/dest_clk
    SLICE_X5Y106         FDPE                                         r  radon_kria_acc_i/axi_interconnect_0/s00_couplers/auto_ds/inst/gen_downsizer.gen_simple_downsizer.axi_downsizer_inst/USE_READ.read_addr_inst/cmd_queue/inst/fifo_gen_inst/inst_fifo_gen/gconvfifo.rf/grf.rf/rstblk/ngwrdrst.grst.g7serrst.gnsckt_wrst.rst_wr_reg2_inst/arststages_ff_reg[0]/C

Slack:                    inf
  Source:                 radon_kria_acc_i/rst_ps8_0_99M/U0/ACTIVE_LOW_PR_OUT_DFF[0].FDRE_PER_N/C
                            (rising edge-triggered cell FDRE clocked by clk_pl_0  {rise@0.000ns fall@5.000ns period=10.000ns})
  Destination:            radon_kria_acc_i/axi_interconnect_0/s00_couplers/auto_ds/inst/gen_downsizer.gen_simple_downsizer.axi_downsizer_inst/USE_READ.read_addr_inst/cmd_queue/inst/fifo_gen_inst/inst_fifo_gen/gconvfifo.rf/grf.rf/rstblk/ngwrdrst.grst.g7serrst.gnsckt_wrst.rst_wr_reg2_inst/arststages_ff_reg[1]/PRE
                            (recovery check against rising-edge clock clk_pl_0  {rise@0.000ns fall@5.000ns period=10.000ns})
  Path Group:             (none)
  Path Type:              Recovery (Max at Slow Process Corner)
  Data Path Delay:        1.790ns  (logic 0.113ns (6.313%)  route 1.677ns (93.687%))
  Logic Levels:           0  
  Clock Path Skew:        -0.313ns (DCD - SCD + CPR)
    Destination Clock Delay (DCD):    2.102ns
    Source Clock Delay      (SCD):    2.415ns
    Clock Pessimism Removal (CPR):    0.000ns
  Clock Uncertainty:      0.160ns  ((TSJ^2 + DJ^2)^1/2) / 2 + PE
    Total System Jitter     (TSJ):    0.071ns
    Discrete Jitter          (DJ):    0.312ns
    Phase Error              (PE):    0.000ns
  Clock Net Delay (Source):      2.148ns (routing 1.045ns, distribution 1.103ns)
  Clock Net Delay (Destination): 1.886ns (routing 0.955ns, distribution 0.931ns)
  Timing Exception:       False Path

    Location             Delay type                Incr(ns)  Path(ns)    Netlist Resource(s)
  -------------------------------------------------------------------    -------------------
                         (clock clk_pl_0 rise edge)
                                                      0.000     0.000 r  
    PS8_X0Y0             PS8                          0.000     0.000 r  radon_kria_acc_i/zynq_ultra_ps_e_0/inst/PS8_i/PLCLK[0]
                         net (fo=1, routed)           0.229     0.229    radon_kria_acc_i/zynq_ultra_ps_e_0/inst/pl_clk_unbuffered[0]
    BUFG_PS_X0Y80        BUFG_PS (Prop_BUFG_PS_I_O)
                                                      0.038     0.267 r  radon_kria_acc_i/zynq_ultra_ps_e_0/inst/buffer_pl_clk_0.PL_CLK_0_BUFG/O
    X0Y1 (CLOCK_ROOT)    net (fo=1897, routed)        2.148     2.415    radon_kria_acc_i/rst_ps8_0_99M/U0/slowest_sync_clk
    SLICE_X2Y140         FDRE                                         r  radon_kria_acc_i/rst_ps8_0_99M/U0/ACTIVE_LOW_PR_OUT_DFF[0].FDRE_PER_N/C
  -------------------------------------------------------------------    -------------------
    SLICE_X2Y140         FDRE (Prop_EFF_SLICEM_C_Q)
                                                      0.113     2.528 r  radon_kria_acc_i/rst_ps8_0_99M/U0/ACTIVE_LOW_PR_OUT_DFF[0].FDRE_PER_N/Q
                         net (fo=480, routed)         1.677     4.205    radon_kria_acc_i/axi_interconnect_0/s00_couplers/auto_ds/inst/gen_downsizer.gen_simple_downsizer.axi_downsizer_inst/USE_READ.read_addr_inst/cmd_queue/inst/fifo_gen_inst/inst_fifo_gen/gconvfifo.rf/grf.rf/rstblk/ngwrdrst.grst.g7serrst.gnsckt_wrst.rst_wr_reg2_inst/src_arst
    SLICE_X5Y106         FDPE                                         f  radon_kria_acc_i/axi_interconnect_0/s00_couplers/auto_ds/inst/gen_downsizer.gen_simple_downsizer.axi_downsizer_inst/USE_READ.read_addr_inst/cmd_queue/inst/fifo_gen_inst/inst_fifo_gen/gconvfifo.rf/grf.rf/rstblk/ngwrdrst.grst.g7serrst.gnsckt_wrst.rst_wr_reg2_inst/arststages_ff_reg[1]/PRE  (IS_INVERTED)
  -------------------------------------------------------------------    -------------------

                         (clock clk_pl_0 rise edge)
                                                      0.000     0.000 r  
    PS8_X0Y0             PS8                          0.000     0.000 r  radon_kria_acc_i/zynq_ultra_ps_e_0/inst/PS8_i/PLCLK[0]
                         net (fo=1, routed)           0.181     0.181    radon_kria_acc_i/zynq_ultra_ps_e_0/inst/pl_clk_unbuffered[0]
    BUFG_PS_X0Y80        BUFG_PS (Prop_BUFG_PS_I_O)
                                                      0.035     0.216 r  radon_kria_acc_i/zynq_ultra_ps_e_0/inst/buffer_pl_clk_0.PL_CLK_0_BUFG/O
    X0Y1 (CLOCK_ROOT)    net (fo=1897, routed)        1.886     2.102    radon_kria_acc_i/axi_interconnect_0/s00_couplers/auto_ds/inst/gen_downsizer.gen_simple_downsizer.axi_downsizer_inst/USE_READ.read_addr_inst/cmd_queue/inst/fifo_gen_inst/inst_fifo_gen/gconvfifo.rf/grf.rf/rstblk/ngwrdrst.grst.g7serrst.gnsckt_wrst.rst_wr_reg2_inst/dest_clk
    SLICE_X5Y106         FDPE                                         r  radon_kria_acc_i/axi_interconnect_0/s00_couplers/auto_ds/inst/gen_downsizer.gen_simple_downsizer.axi_downsizer_inst/USE_READ.read_addr_inst/cmd_queue/inst/fifo_gen_inst/inst_fifo_gen/gconvfifo.rf/grf.rf/rstblk/ngwrdrst.grst.g7serrst.gnsckt_wrst.rst_wr_reg2_inst/arststages_ff_reg[1]/C

Slack:                    inf
  Source:                 radon_kria_acc_i/rst_ps8_0_99M/U0/ACTIVE_LOW_PR_OUT_DFF[0].FDRE_PER_N/C
                            (rising edge-triggered cell FDRE clocked by clk_pl_0  {rise@0.000ns fall@5.000ns period=10.000ns})
  Destination:            radon_kria_acc_i/axi_interconnect_0/s00_couplers/auto_ds/inst/gen_downsizer.gen_simple_downsizer.axi_downsizer_inst/USE_WRITE.write_addr_inst/cmd_queue/inst/fifo_gen_inst/inst_fifo_gen/gconvfifo.rf/grf.rf/rstblk/ngwrdrst.grst.g7serrst.gnsckt_wrst.rst_wr_reg2_inst/arststages_ff_reg[0]/PRE
                            (recovery check against rising-edge clock clk_pl_0  {rise@0.000ns fall@5.000ns period=10.000ns})
  Path Group:             (none)
  Path Type:              Recovery (Max at Slow Process Corner)
  Data Path Delay:        1.767ns  (logic 0.113ns (6.395%)  route 1.654ns (93.605%))
  Logic Levels:           0  
  Clock Path Skew:        -0.341ns (DCD - SCD + CPR)
    Destination Clock Delay (DCD):    2.074ns
    Source Clock Delay      (SCD):    2.415ns
    Clock Pessimism Removal (CPR):    0.000ns
  Clock Uncertainty:      0.160ns  ((TSJ^2 + DJ^2)^1/2) / 2 + PE
    Total System Jitter     (TSJ):    0.071ns
    Discrete Jitter          (DJ):    0.312ns
    Phase Error              (PE):    0.000ns
  Clock Net Delay (Source):      2.148ns (routing 1.045ns, distribution 1.103ns)
  Clock Net Delay (Destination): 1.858ns (routing 0.955ns, distribution 0.903ns)
  Timing Exception:       False Path

    Location             Delay type                Incr(ns)  Path(ns)    Netlist Resource(s)
  -------------------------------------------------------------------    -------------------
                         (clock clk_pl_0 rise edge)
                                                      0.000     0.000 r  
    PS8_X0Y0             PS8                          0.000     0.000 r  radon_kria_acc_i/zynq_ultra_ps_e_0/inst/PS8_i/PLCLK[0]
                         net (fo=1, routed)           0.229     0.229    radon_kria_acc_i/zynq_ultra_ps_e_0/inst/pl_clk_unbuffered[0]
    BUFG_PS_X0Y80        BUFG_PS (Prop_BUFG_PS_I_O)
                                                      0.038     0.267 r  radon_kria_acc_i/zynq_ultra_ps_e_0/inst/buffer_pl_clk_0.PL_CLK_0_BUFG/O
    X0Y1 (CLOCK_ROOT)    net (fo=1897, routed)        2.148     2.415    radon_kria_acc_i/rst_ps8_0_99M/U0/slowest_sync_clk
    SLICE_X2Y140         FDRE                                         r  radon_kria_acc_i/rst_ps8_0_99M/U0/ACTIVE_LOW_PR_OUT_DFF[0].FDRE_PER_N/C
  -------------------------------------------------------------------    -------------------
    SLICE_X2Y140         FDRE (Prop_EFF_SLICEM_C_Q)
                                                      0.113     2.528 r  radon_kria_acc_i/rst_ps8_0_99M/U0/ACTIVE_LOW_PR_OUT_DFF[0].FDRE_PER_N/Q
                         net (fo=480, routed)         1.654     4.182    radon_kria_acc_i/axi_interconnect_0/s00_couplers/auto_ds/inst/gen_downsizer.gen_simple_downsizer.axi_downsizer_inst/USE_WRITE.write_addr_inst/cmd_queue/inst/fifo_gen_inst/inst_fifo_gen/gconvfifo.rf/grf.rf/rstblk/ngwrdrst.grst.g7serrst.gnsckt_wrst.rst_wr_reg2_inst/src_arst
    SLICE_X4Y90          FDPE                                         f  radon_kria_acc_i/axi_interconnect_0/s00_couplers/auto_ds/inst/gen_downsizer.gen_simple_downsizer.axi_downsizer_inst/USE_WRITE.write_addr_inst/cmd_queue/inst/fifo_gen_inst/inst_fifo_gen/gconvfifo.rf/grf.rf/rstblk/ngwrdrst.grst.g7serrst.gnsckt_wrst.rst_wr_reg2_inst/arststages_ff_reg[0]/PRE  (IS_INVERTED)
  -------------------------------------------------------------------    -------------------

                         (clock clk_pl_0 rise edge)
                                                      0.000     0.000 r  
    PS8_X0Y0             PS8                          0.000     0.000 r  radon_kria_acc_i/zynq_ultra_ps_e_0/inst/PS8_i/PLCLK[0]
                         net (fo=1, routed)           0.181     0.181    radon_kria_acc_i/zynq_ultra_ps_e_0/inst/pl_clk_unbuffered[0]
    BUFG_PS_X0Y80        BUFG_PS (Prop_BUFG_PS_I_O)
                                                      0.035     0.216 r  radon_kria_acc_i/zynq_ultra_ps_e_0/inst/buffer_pl_clk_0.PL_CLK_0_BUFG/O
    X0Y1 (CLOCK_ROOT)    net (fo=1897, routed)        1.858     2.074    radon_kria_acc_i/axi_interconnect_0/s00_couplers/auto_ds/inst/gen_downsizer.gen_simple_downsizer.axi_downsizer_inst/USE_WRITE.write_addr_inst/cmd_queue/inst/fifo_gen_inst/inst_fifo_gen/gconvfifo.rf/grf.rf/rstblk/ngwrdrst.grst.g7serrst.gnsckt_wrst.rst_wr_reg2_inst/dest_clk
    SLICE_X4Y90          FDPE                                         r  radon_kria_acc_i/axi_interconnect_0/s00_couplers/auto_ds/inst/gen_downsizer.gen_simple_downsizer.axi_downsizer_inst/USE_WRITE.write_addr_inst/cmd_queue/inst/fifo_gen_inst/inst_fifo_gen/gconvfifo.rf/grf.rf/rstblk/ngwrdrst.grst.g7serrst.gnsckt_wrst.rst_wr_reg2_inst/arststages_ff_reg[0]/C

Slack:                    inf
  Source:                 radon_kria_acc_i/rst_ps8_0_99M/U0/ACTIVE_LOW_PR_OUT_DFF[0].FDRE_PER_N/C
                            (rising edge-triggered cell FDRE clocked by clk_pl_0  {rise@0.000ns fall@5.000ns period=10.000ns})
  Destination:            radon_kria_acc_i/axi_interconnect_0/s00_couplers/auto_ds/inst/gen_downsizer.gen_simple_downsizer.axi_downsizer_inst/USE_WRITE.write_addr_inst/cmd_queue/inst/fifo_gen_inst/inst_fifo_gen/gconvfifo.rf/grf.rf/rstblk/ngwrdrst.grst.g7serrst.gnsckt_wrst.rst_wr_reg2_inst/arststages_ff_reg[1]/PRE
                            (recovery check against rising-edge clock clk_pl_0  {rise@0.000ns fall@5.000ns period=10.000ns})
  Path Group:             (none)
  Path Type:              Recovery (Max at Slow Process Corner)
  Data Path Delay:        1.767ns  (logic 0.113ns (6.395%)  route 1.654ns (93.605%))
  Logic Levels:           0  
  Clock Path Skew:        -0.341ns (DCD - SCD + CPR)
    Destination Clock Delay (DCD):    2.074ns
    Source Clock Delay      (SCD):    2.415ns
    Clock Pessimism Removal (CPR):    0.000ns
  Clock Uncertainty:      0.160ns  ((TSJ^2 + DJ^2)^1/2) / 2 + PE
    Total System Jitter     (TSJ):    0.071ns
    Discrete Jitter          (DJ):    0.312ns
    Phase Error              (PE):    0.000ns
  Clock Net Delay (Source):      2.148ns (routing 1.045ns, distribution 1.103ns)
  Clock Net Delay (Destination): 1.858ns (routing 0.955ns, distribution 0.903ns)
  Timing Exception:       False Path

    Location             Delay type                Incr(ns)  Path(ns)    Netlist Resource(s)
  -------------------------------------------------------------------    -------------------
                         (clock clk_pl_0 rise edge)
                                                      0.000     0.000 r  
    PS8_X0Y0             PS8                          0.000     0.000 r  radon_kria_acc_i/zynq_ultra_ps_e_0/inst/PS8_i/PLCLK[0]
                         net (fo=1, routed)           0.229     0.229    radon_kria_acc_i/zynq_ultra_ps_e_0/inst/pl_clk_unbuffered[0]
    BUFG_PS_X0Y80        BUFG_PS (Prop_BUFG_PS_I_O)
                                                      0.038     0.267 r  radon_kria_acc_i/zynq_ultra_ps_e_0/inst/buffer_pl_clk_0.PL_CLK_0_BUFG/O
    X0Y1 (CLOCK_ROOT)    net (fo=1897, routed)        2.148     2.415    radon_kria_acc_i/rst_ps8_0_99M/U0/slowest_sync_clk
    SLICE_X2Y140         FDRE                                         r  radon_kria_acc_i/rst_ps8_0_99M/U0/ACTIVE_LOW_PR_OUT_DFF[0].FDRE_PER_N/C
  -------------------------------------------------------------------    -------------------
    SLICE_X2Y140         FDRE (Prop_EFF_SLICEM_C_Q)
                                                      0.113     2.528 r  radon_kria_acc_i/rst_ps8_0_99M/U0/ACTIVE_LOW_PR_OUT_DFF[0].FDRE_PER_N/Q
                         net (fo=480, routed)         1.654     4.182    radon_kria_acc_i/axi_interconnect_0/s00_couplers/auto_ds/inst/gen_downsizer.gen_simple_downsizer.axi_downsizer_inst/USE_WRITE.write_addr_inst/cmd_queue/inst/fifo_gen_inst/inst_fifo_gen/gconvfifo.rf/grf.rf/rstblk/ngwrdrst.grst.g7serrst.gnsckt_wrst.rst_wr_reg2_inst/src_arst
    SLICE_X4Y90          FDPE                                         f  radon_kria_acc_i/axi_interconnect_0/s00_couplers/auto_ds/inst/gen_downsizer.gen_simple_downsizer.axi_downsizer_inst/USE_WRITE.write_addr_inst/cmd_queue/inst/fifo_gen_inst/inst_fifo_gen/gconvfifo.rf/grf.rf/rstblk/ngwrdrst.grst.g7serrst.gnsckt_wrst.rst_wr_reg2_inst/arststages_ff_reg[1]/PRE  (IS_INVERTED)
  -------------------------------------------------------------------    -------------------

                         (clock clk_pl_0 rise edge)
                                                      0.000     0.000 r  
    PS8_X0Y0             PS8                          0.000     0.000 r  radon_kria_acc_i/zynq_ultra_ps_e_0/inst/PS8_i/PLCLK[0]
                         net (fo=1, routed)           0.181     0.181    radon_kria_acc_i/zynq_ultra_ps_e_0/inst/pl_clk_unbuffered[0]
    BUFG_PS_X0Y80        BUFG_PS (Prop_BUFG_PS_I_O)
                                                      0.035     0.216 r  radon_kria_acc_i/zynq_ultra_ps_e_0/inst/buffer_pl_clk_0.PL_CLK_0_BUFG/O
    X0Y1 (CLOCK_ROOT)    net (fo=1897, routed)        1.858     2.074    radon_kria_acc_i/axi_interconnect_0/s00_couplers/auto_ds/inst/gen_downsizer.gen_simple_downsizer.axi_downsizer_inst/USE_WRITE.write_addr_inst/cmd_queue/inst/fifo_gen_inst/inst_fifo_gen/gconvfifo.rf/grf.rf/rstblk/ngwrdrst.grst.g7serrst.gnsckt_wrst.rst_wr_reg2_inst/dest_clk
    SLICE_X4Y90          FDPE                                         r  radon_kria_acc_i/axi_interconnect_0/s00_couplers/auto_ds/inst/gen_downsizer.gen_simple_downsizer.axi_downsizer_inst/USE_WRITE.write_addr_inst/cmd_queue/inst/fifo_gen_inst/inst_fifo_gen/gconvfifo.rf/grf.rf/rstblk/ngwrdrst.grst.g7serrst.gnsckt_wrst.rst_wr_reg2_inst/arststages_ff_reg[1]/C

Slack:                    inf
  Source:                 radon_kria_acc_i/rst_ps8_0_99M/U0/ACTIVE_LOW_PR_OUT_DFF[0].FDRE_PER_N/C
                            (rising edge-triggered cell FDRE clocked by clk_pl_0  {rise@0.000ns fall@5.000ns period=10.000ns})
  Destination:            radon_kria_acc_i/axi_interconnect_0/s00_couplers/auto_ds/inst/gen_downsizer.gen_simple_downsizer.axi_downsizer_inst/USE_WRITE.write_addr_inst/USE_B_CHANNEL.cmd_b_queue/inst/fifo_gen_inst/inst_fifo_gen/gconvfifo.rf/grf.rf/rstblk/ngwrdrst.grst.g7serrst.gnsckt_wrst.rst_wr_reg2_inst/arststages_ff_reg[0]/PRE
                            (recovery check against rising-edge clock clk_pl_0  {rise@0.000ns fall@5.000ns period=10.000ns})
  Path Group:             (none)
  Path Type:              Recovery (Max at Slow Process Corner)
  Data Path Delay:        1.152ns  (logic 0.113ns (9.810%)  route 1.039ns (90.190%))
  Logic Levels:           0  
  Clock Path Skew:        -0.311ns (DCD - SCD + CPR)
    Destination Clock Delay (DCD):    2.105ns
    Source Clock Delay      (SCD):    2.415ns
    Clock Pessimism Removal (CPR):    0.000ns
  Clock Uncertainty:      0.160ns  ((TSJ^2 + DJ^2)^1/2) / 2 + PE
    Total System Jitter     (TSJ):    0.071ns
    Discrete Jitter          (DJ):    0.312ns
    Phase Error              (PE):    0.000ns
  Clock Net Delay (Source):      2.148ns (routing 1.045ns, distribution 1.103ns)
  Clock Net Delay (Destination): 1.889ns (routing 0.955ns, distribution 0.934ns)
  Timing Exception:       False Path

    Location             Delay type                Incr(ns)  Path(ns)    Netlist Resource(s)
  -------------------------------------------------------------------    -------------------
                         (clock clk_pl_0 rise edge)
                                                      0.000     0.000 r  
    PS8_X0Y0             PS8                          0.000     0.000 r  radon_kria_acc_i/zynq_ultra_ps_e_0/inst/PS8_i/PLCLK[0]
                         net (fo=1, routed)           0.229     0.229    radon_kria_acc_i/zynq_ultra_ps_e_0/inst/pl_clk_unbuffered[0]
    BUFG_PS_X0Y80        BUFG_PS (Prop_BUFG_PS_I_O)
                                                      0.038     0.267 r  radon_kria_acc_i/zynq_ultra_ps_e_0/inst/buffer_pl_clk_0.PL_CLK_0_BUFG/O
    X0Y1 (CLOCK_ROOT)    net (fo=1897, routed)        2.148     2.415    radon_kria_acc_i/rst_ps8_0_99M/U0/slowest_sync_clk
    SLICE_X2Y140         FDRE                                         r  radon_kria_acc_i/rst_ps8_0_99M/U0/ACTIVE_LOW_PR_OUT_DFF[0].FDRE_PER_N/C
  -------------------------------------------------------------------    -------------------
    SLICE_X2Y140         FDRE (Prop_EFF_SLICEM_C_Q)
                                                      0.113     2.528 r  radon_kria_acc_i/rst_ps8_0_99M/U0/ACTIVE_LOW_PR_OUT_DFF[0].FDRE_PER_N/Q
                         net (fo=480, routed)         1.039     3.567    radon_kria_acc_i/axi_interconnect_0/s00_couplers/auto_ds/inst/gen_downsizer.gen_simple_downsizer.axi_downsizer_inst/USE_WRITE.write_addr_inst/USE_B_CHANNEL.cmd_b_queue/inst/fifo_gen_inst/inst_fifo_gen/gconvfifo.rf/grf.rf/rstblk/ngwrdrst.grst.g7serrst.gnsckt_wrst.rst_wr_reg2_inst/src_arst
    SLICE_X5Y87          FDPE                                         f  radon_kria_acc_i/axi_interconnect_0/s00_couplers/auto_ds/inst/gen_downsizer.gen_simple_downsizer.axi_downsizer_inst/USE_WRITE.write_addr_inst/USE_B_CHANNEL.cmd_b_queue/inst/fifo_gen_inst/inst_fifo_gen/gconvfifo.rf/grf.rf/rstblk/ngwrdrst.grst.g7serrst.gnsckt_wrst.rst_wr_reg2_inst/arststages_ff_reg[0]/PRE  (IS_INVERTED)
  -------------------------------------------------------------------    -------------------

                         (clock clk_pl_0 rise edge)
                                                      0.000     0.000 r  
    PS8_X0Y0             PS8                          0.000     0.000 r  radon_kria_acc_i/zynq_ultra_ps_e_0/inst/PS8_i/PLCLK[0]
                         net (fo=1, routed)           0.181     0.181    radon_kria_acc_i/zynq_ultra_ps_e_0/inst/pl_clk_unbuffered[0]
    BUFG_PS_X0Y80        BUFG_PS (Prop_BUFG_PS_I_O)
                                                      0.035     0.216 r  radon_kria_acc_i/zynq_ultra_ps_e_0/inst/buffer_pl_clk_0.PL_CLK_0_BUFG/O
    X0Y1 (CLOCK_ROOT)    net (fo=1897, routed)        1.889     2.105    radon_kria_acc_i/axi_interconnect_0/s00_couplers/auto_ds/inst/gen_downsizer.gen_simple_downsizer.axi_downsizer_inst/USE_WRITE.write_addr_inst/USE_B_CHANNEL.cmd_b_queue/inst/fifo_gen_inst/inst_fifo_gen/gconvfifo.rf/grf.rf/rstblk/ngwrdrst.grst.g7serrst.gnsckt_wrst.rst_wr_reg2_inst/dest_clk
    SLICE_X5Y87          FDPE                                         r  radon_kria_acc_i/axi_interconnect_0/s00_couplers/auto_ds/inst/gen_downsizer.gen_simple_downsizer.axi_downsizer_inst/USE_WRITE.write_addr_inst/USE_B_CHANNEL.cmd_b_queue/inst/fifo_gen_inst/inst_fifo_gen/gconvfifo.rf/grf.rf/rstblk/ngwrdrst.grst.g7serrst.gnsckt_wrst.rst_wr_reg2_inst/arststages_ff_reg[0]/C

Slack:                    inf
  Source:                 radon_kria_acc_i/rst_ps8_0_99M/U0/ACTIVE_LOW_PR_OUT_DFF[0].FDRE_PER_N/C
                            (rising edge-triggered cell FDRE clocked by clk_pl_0  {rise@0.000ns fall@5.000ns period=10.000ns})
  Destination:            radon_kria_acc_i/axi_interconnect_0/s00_couplers/auto_ds/inst/gen_downsizer.gen_simple_downsizer.axi_downsizer_inst/USE_WRITE.write_addr_inst/USE_B_CHANNEL.cmd_b_queue/inst/fifo_gen_inst/inst_fifo_gen/gconvfifo.rf/grf.rf/rstblk/ngwrdrst.grst.g7serrst.gnsckt_wrst.rst_wr_reg2_inst/arststages_ff_reg[1]/PRE
                            (recovery check against rising-edge clock clk_pl_0  {rise@0.000ns fall@5.000ns period=10.000ns})
  Path Group:             (none)
  Path Type:              Recovery (Max at Slow Process Corner)
  Data Path Delay:        1.152ns  (logic 0.113ns (9.810%)  route 1.039ns (90.190%))
  Logic Levels:           0  
  Clock Path Skew:        -0.311ns (DCD - SCD + CPR)
    Destination Clock Delay (DCD):    2.105ns
    Source Clock Delay      (SCD):    2.415ns
    Clock Pessimism Removal (CPR):    0.000ns
  Clock Uncertainty:      0.160ns  ((TSJ^2 + DJ^2)^1/2) / 2 + PE
    Total System Jitter     (TSJ):    0.071ns
    Discrete Jitter          (DJ):    0.312ns
    Phase Error              (PE):    0.000ns
  Clock Net Delay (Source):      2.148ns (routing 1.045ns, distribution 1.103ns)
  Clock Net Delay (Destination): 1.889ns (routing 0.955ns, distribution 0.934ns)
  Timing Exception:       False Path

    Location             Delay type                Incr(ns)  Path(ns)    Netlist Resource(s)
  -------------------------------------------------------------------    -------------------
                         (clock clk_pl_0 rise edge)
                                                      0.000     0.000 r  
    PS8_X0Y0             PS8                          0.000     0.000 r  radon_kria_acc_i/zynq_ultra_ps_e_0/inst/PS8_i/PLCLK[0]
                         net (fo=1, routed)           0.229     0.229    radon_kria_acc_i/zynq_ultra_ps_e_0/inst/pl_clk_unbuffered[0]
    BUFG_PS_X0Y80        BUFG_PS (Prop_BUFG_PS_I_O)
                                                      0.038     0.267 r  radon_kria_acc_i/zynq_ultra_ps_e_0/inst/buffer_pl_clk_0.PL_CLK_0_BUFG/O
    X0Y1 (CLOCK_ROOT)    net (fo=1897, routed)        2.148     2.415    radon_kria_acc_i/rst_ps8_0_99M/U0/slowest_sync_clk
    SLICE_X2Y140         FDRE                                         r  radon_kria_acc_i/rst_ps8_0_99M/U0/ACTIVE_LOW_PR_OUT_DFF[0].FDRE_PER_N/C
  -------------------------------------------------------------------    -------------------
    SLICE_X2Y140         FDRE (Prop_EFF_SLICEM_C_Q)
                                                      0.113     2.528 r  radon_kria_acc_i/rst_ps8_0_99M/U0/ACTIVE_LOW_PR_OUT_DFF[0].FDRE_PER_N/Q
                         net (fo=480, routed)         1.039     3.567    radon_kria_acc_i/axi_interconnect_0/s00_couplers/auto_ds/inst/gen_downsizer.gen_simple_downsizer.axi_downsizer_inst/USE_WRITE.write_addr_inst/USE_B_CHANNEL.cmd_b_queue/inst/fifo_gen_inst/inst_fifo_gen/gconvfifo.rf/grf.rf/rstblk/ngwrdrst.grst.g7serrst.gnsckt_wrst.rst_wr_reg2_inst/src_arst
    SLICE_X5Y87          FDPE                                         f  radon_kria_acc_i/axi_interconnect_0/s00_couplers/auto_ds/inst/gen_downsizer.gen_simple_downsizer.axi_downsizer_inst/USE_WRITE.write_addr_inst/USE_B_CHANNEL.cmd_b_queue/inst/fifo_gen_inst/inst_fifo_gen/gconvfifo.rf/grf.rf/rstblk/ngwrdrst.grst.g7serrst.gnsckt_wrst.rst_wr_reg2_inst/arststages_ff_reg[1]/PRE  (IS_INVERTED)
  -------------------------------------------------------------------    -------------------

                         (clock clk_pl_0 rise edge)
                                                      0.000     0.000 r  
    PS8_X0Y0             PS8                          0.000     0.000 r  radon_kria_acc_i/zynq_ultra_ps_e_0/inst/PS8_i/PLCLK[0]
                         net (fo=1, routed)           0.181     0.181    radon_kria_acc_i/zynq_ultra_ps_e_0/inst/pl_clk_unbuffered[0]
    BUFG_PS_X0Y80        BUFG_PS (Prop_BUFG_PS_I_O)
                                                      0.035     0.216 r  radon_kria_acc_i/zynq_ultra_ps_e_0/inst/buffer_pl_clk_0.PL_CLK_0_BUFG/O
    X0Y1 (CLOCK_ROOT)    net (fo=1897, routed)        1.889     2.105    radon_kria_acc_i/axi_interconnect_0/s00_couplers/auto_ds/inst/gen_downsizer.gen_simple_downsizer.axi_downsizer_inst/USE_WRITE.write_addr_inst/USE_B_CHANNEL.cmd_b_queue/inst/fifo_gen_inst/inst_fifo_gen/gconvfifo.rf/grf.rf/rstblk/ngwrdrst.grst.g7serrst.gnsckt_wrst.rst_wr_reg2_inst/dest_clk
    SLICE_X5Y87          FDPE                                         r  radon_kria_acc_i/axi_interconnect_0/s00_couplers/auto_ds/inst/gen_downsizer.gen_simple_downsizer.axi_downsizer_inst/USE_WRITE.write_addr_inst/USE_B_CHANNEL.cmd_b_queue/inst/fifo_gen_inst/inst_fifo_gen/gconvfifo.rf/grf.rf/rstblk/ngwrdrst.grst.g7serrst.gnsckt_wrst.rst_wr_reg2_inst/arststages_ff_reg[1]/C





Min Delay Paths
--------------------------------------------------------------------------------------
Slack:                    inf
  Source:                 radon_kria_acc_i/rst_ps8_0_99M/U0/ACTIVE_LOW_PR_OUT_DFF[0].FDRE_PER_N/C
                            (rising edge-triggered cell FDRE clocked by clk_pl_0  {rise@0.000ns fall@5.000ns period=10.000ns})
  Destination:            radon_kria_acc_i/axi_interconnect_0/s00_couplers/auto_ds/inst/gen_downsizer.gen_simple_downsizer.axi_downsizer_inst/USE_WRITE.write_addr_inst/USE_B_CHANNEL.cmd_b_queue/inst/fifo_gen_inst/inst_fifo_gen/gconvfifo.rf/grf.rf/rstblk/ngwrdrst.grst.g7serrst.gnsckt_wrst.rst_wr_reg2_inst/arststages_ff_reg[0]/PRE
                            (removal check against rising-edge clock clk_pl_0  {rise@0.000ns fall@5.000ns period=10.000ns})
  Path Group:             (none)
  Path Type:              Removal (Min at Fast Process Corner)
  Data Path Delay:        0.444ns  (logic 0.082ns (18.486%)  route 0.362ns (81.514%))
  Logic Levels:           0  
  Clock Path Skew:        0.120ns (DCD - SCD - CPR)
    Destination Clock Delay (DCD):    1.443ns
    Source Clock Delay      (SCD):    1.323ns
    Clock Pessimism Removal (CPR):    -0.000ns
  Clock Uncertainty:      0.160ns  ((TSJ^2 + DJ^2)^1/2) / 2 + PE
    Total System Jitter     (TSJ):    0.071ns
    Discrete Jitter          (DJ):    0.312ns
    Phase Error              (PE):    0.000ns
  Clock Net Delay (Source):      1.172ns (routing 0.572ns, distribution 0.600ns)
  Clock Net Delay (Destination): 1.256ns (routing 0.623ns, distribution 0.633ns)
  Timing Exception:       False Path

    Location             Delay type                Incr(ns)  Path(ns)    Netlist Resource(s)
  -------------------------------------------------------------------    -------------------
                         (clock clk_pl_0 rise edge)
                                                      0.000     0.000 r  
    PS8_X0Y0             PS8                          0.000     0.000 r  radon_kria_acc_i/zynq_ultra_ps_e_0/inst/PS8_i/PLCLK[0]
                         net (fo=1, routed)           0.129     0.129    radon_kria_acc_i/zynq_ultra_ps_e_0/inst/pl_clk_unbuffered[0]
    BUFG_PS_X0Y80        BUFG_PS (Prop_BUFG_PS_I_O)
                                                      0.022     0.151 r  radon_kria_acc_i/zynq_ultra_ps_e_0/inst/buffer_pl_clk_0.PL_CLK_0_BUFG/O
    X0Y1 (CLOCK_ROOT)    net (fo=1897, routed)        1.172     1.323    radon_kria_acc_i/rst_ps8_0_99M/U0/slowest_sync_clk
    SLICE_X2Y140         FDRE                                         r  radon_kria_acc_i/rst_ps8_0_99M/U0/ACTIVE_LOW_PR_OUT_DFF[0].FDRE_PER_N/C
  -------------------------------------------------------------------    -------------------
    SLICE_X2Y140         FDRE (Prop_EFF_SLICEM_C_Q)
                                                      0.082     1.405 r  radon_kria_acc_i/rst_ps8_0_99M/U0/ACTIVE_LOW_PR_OUT_DFF[0].FDRE_PER_N/Q
                         net (fo=480, routed)         0.362     1.766    radon_kria_acc_i/axi_interconnect_0/s00_couplers/auto_ds/inst/gen_downsizer.gen_simple_downsizer.axi_downsizer_inst/USE_WRITE.write_addr_inst/USE_B_CHANNEL.cmd_b_queue/inst/fifo_gen_inst/inst_fifo_gen/gconvfifo.rf/grf.rf/rstblk/ngwrdrst.grst.g7serrst.gnsckt_wrst.rst_wr_reg2_inst/src_arst
    SLICE_X5Y87          FDPE                                         f  radon_kria_acc_i/axi_interconnect_0/s00_couplers/auto_ds/inst/gen_downsizer.gen_simple_downsizer.axi_downsizer_inst/USE_WRITE.write_addr_inst/USE_B_CHANNEL.cmd_b_queue/inst/fifo_gen_inst/inst_fifo_gen/gconvfifo.rf/grf.rf/rstblk/ngwrdrst.grst.g7serrst.gnsckt_wrst.rst_wr_reg2_inst/arststages_ff_reg[0]/PRE  (IS_INVERTED)
  -------------------------------------------------------------------    -------------------

                         (clock clk_pl_0 rise edge)
                                                      0.000     0.000 r  
    PS8_X0Y0             PS8                          0.000     0.000 r  radon_kria_acc_i/zynq_ultra_ps_e_0/inst/PS8_i/PLCLK[0]
                         net (fo=1, routed)           0.164     0.164    radon_kria_acc_i/zynq_ultra_ps_e_0/inst/pl_clk_unbuffered[0]
    BUFG_PS_X0Y80        BUFG_PS (Prop_BUFG_PS_I_O)
                                                      0.023     0.187 r  radon_kria_acc_i/zynq_ultra_ps_e_0/inst/buffer_pl_clk_0.PL_CLK_0_BUFG/O
    X0Y1 (CLOCK_ROOT)    net (fo=1897, routed)        1.256     1.443    radon_kria_acc_i/axi_interconnect_0/s00_couplers/auto_ds/inst/gen_downsizer.gen_simple_downsizer.axi_downsizer_inst/USE_WRITE.write_addr_inst/USE_B_CHANNEL.cmd_b_queue/inst/fifo_gen_inst/inst_fifo_gen/gconvfifo.rf/grf.rf/rstblk/ngwrdrst.grst.g7serrst.gnsckt_wrst.rst_wr_reg2_inst/dest_clk
    SLICE_X5Y87          FDPE                                         r  radon_kria_acc_i/axi_interconnect_0/s00_couplers/auto_ds/inst/gen_downsizer.gen_simple_downsizer.axi_downsizer_inst/USE_WRITE.write_addr_inst/USE_B_CHANNEL.cmd_b_queue/inst/fifo_gen_inst/inst_fifo_gen/gconvfifo.rf/grf.rf/rstblk/ngwrdrst.grst.g7serrst.gnsckt_wrst.rst_wr_reg2_inst/arststages_ff_reg[0]/C

Slack:                    inf
  Source:                 radon_kria_acc_i/rst_ps8_0_99M/U0/ACTIVE_LOW_PR_OUT_DFF[0].FDRE_PER_N/C
                            (rising edge-triggered cell FDRE clocked by clk_pl_0  {rise@0.000ns fall@5.000ns period=10.000ns})
  Destination:            radon_kria_acc_i/axi_interconnect_0/s00_couplers/auto_ds/inst/gen_downsizer.gen_simple_downsizer.axi_downsizer_inst/USE_WRITE.write_addr_inst/USE_B_CHANNEL.cmd_b_queue/inst/fifo_gen_inst/inst_fifo_gen/gconvfifo.rf/grf.rf/rstblk/ngwrdrst.grst.g7serrst.gnsckt_wrst.rst_wr_reg2_inst/arststages_ff_reg[1]/PRE
                            (removal check against rising-edge clock clk_pl_0  {rise@0.000ns fall@5.000ns period=10.000ns})
  Path Group:             (none)
  Path Type:              Removal (Min at Fast Process Corner)
  Data Path Delay:        0.444ns  (logic 0.082ns (18.486%)  route 0.362ns (81.514%))
  Logic Levels:           0  
  Clock Path Skew:        0.120ns (DCD - SCD - CPR)
    Destination Clock Delay (DCD):    1.443ns
    Source Clock Delay      (SCD):    1.323ns
    Clock Pessimism Removal (CPR):    -0.000ns
  Clock Uncertainty:      0.160ns  ((TSJ^2 + DJ^2)^1/2) / 2 + PE
    Total System Jitter     (TSJ):    0.071ns
    Discrete Jitter          (DJ):    0.312ns
    Phase Error              (PE):    0.000ns
  Clock Net Delay (Source):      1.172ns (routing 0.572ns, distribution 0.600ns)
  Clock Net Delay (Destination): 1.256ns (routing 0.623ns, distribution 0.633ns)
  Timing Exception:       False Path

    Location             Delay type                Incr(ns)  Path(ns)    Netlist Resource(s)
  -------------------------------------------------------------------    -------------------
                         (clock clk_pl_0 rise edge)
                                                      0.000     0.000 r  
    PS8_X0Y0             PS8                          0.000     0.000 r  radon_kria_acc_i/zynq_ultra_ps_e_0/inst/PS8_i/PLCLK[0]
                         net (fo=1, routed)           0.129     0.129    radon_kria_acc_i/zynq_ultra_ps_e_0/inst/pl_clk_unbuffered[0]
    BUFG_PS_X0Y80        BUFG_PS (Prop_BUFG_PS_I_O)
                                                      0.022     0.151 r  radon_kria_acc_i/zynq_ultra_ps_e_0/inst/buffer_pl_clk_0.PL_CLK_0_BUFG/O
    X0Y1 (CLOCK_ROOT)    net (fo=1897, routed)        1.172     1.323    radon_kria_acc_i/rst_ps8_0_99M/U0/slowest_sync_clk
    SLICE_X2Y140         FDRE                                         r  radon_kria_acc_i/rst_ps8_0_99M/U0/ACTIVE_LOW_PR_OUT_DFF[0].FDRE_PER_N/C
  -------------------------------------------------------------------    -------------------
    SLICE_X2Y140         FDRE (Prop_EFF_SLICEM_C_Q)
                                                      0.082     1.405 r  radon_kria_acc_i/rst_ps8_0_99M/U0/ACTIVE_LOW_PR_OUT_DFF[0].FDRE_PER_N/Q
                         net (fo=480, routed)         0.362     1.766    radon_kria_acc_i/axi_interconnect_0/s00_couplers/auto_ds/inst/gen_downsizer.gen_simple_downsizer.axi_downsizer_inst/USE_WRITE.write_addr_inst/USE_B_CHANNEL.cmd_b_queue/inst/fifo_gen_inst/inst_fifo_gen/gconvfifo.rf/grf.rf/rstblk/ngwrdrst.grst.g7serrst.gnsckt_wrst.rst_wr_reg2_inst/src_arst
    SLICE_X5Y87          FDPE                                         f  radon_kria_acc_i/axi_interconnect_0/s00_couplers/auto_ds/inst/gen_downsizer.gen_simple_downsizer.axi_downsizer_inst/USE_WRITE.write_addr_inst/USE_B_CHANNEL.cmd_b_queue/inst/fifo_gen_inst/inst_fifo_gen/gconvfifo.rf/grf.rf/rstblk/ngwrdrst.grst.g7serrst.gnsckt_wrst.rst_wr_reg2_inst/arststages_ff_reg[1]/PRE  (IS_INVERTED)
  -------------------------------------------------------------------    -------------------

                         (clock clk_pl_0 rise edge)
                                                      0.000     0.000 r  
    PS8_X0Y0             PS8                          0.000     0.000 r  radon_kria_acc_i/zynq_ultra_ps_e_0/inst/PS8_i/PLCLK[0]
                         net (fo=1, routed)           0.164     0.164    radon_kria_acc_i/zynq_ultra_ps_e_0/inst/pl_clk_unbuffered[0]
    BUFG_PS_X0Y80        BUFG_PS (Prop_BUFG_PS_I_O)
                                                      0.023     0.187 r  radon_kria_acc_i/zynq_ultra_ps_e_0/inst/buffer_pl_clk_0.PL_CLK_0_BUFG/O
    X0Y1 (CLOCK_ROOT)    net (fo=1897, routed)        1.256     1.443    radon_kria_acc_i/axi_interconnect_0/s00_couplers/auto_ds/inst/gen_downsizer.gen_simple_downsizer.axi_downsizer_inst/USE_WRITE.write_addr_inst/USE_B_CHANNEL.cmd_b_queue/inst/fifo_gen_inst/inst_fifo_gen/gconvfifo.rf/grf.rf/rstblk/ngwrdrst.grst.g7serrst.gnsckt_wrst.rst_wr_reg2_inst/dest_clk
    SLICE_X5Y87          FDPE                                         r  radon_kria_acc_i/axi_interconnect_0/s00_couplers/auto_ds/inst/gen_downsizer.gen_simple_downsizer.axi_downsizer_inst/USE_WRITE.write_addr_inst/USE_B_CHANNEL.cmd_b_queue/inst/fifo_gen_inst/inst_fifo_gen/gconvfifo.rf/grf.rf/rstblk/ngwrdrst.grst.g7serrst.gnsckt_wrst.rst_wr_reg2_inst/arststages_ff_reg[1]/C

Slack:                    inf
  Source:                 radon_kria_acc_i/rst_ps8_0_99M/U0/ACTIVE_LOW_PR_OUT_DFF[0].FDRE_PER_N/C
                            (rising edge-triggered cell FDRE clocked by clk_pl_0  {rise@0.000ns fall@5.000ns period=10.000ns})
  Destination:            radon_kria_acc_i/axi_interconnect_0/s00_couplers/auto_ds/inst/gen_downsizer.gen_simple_downsizer.axi_downsizer_inst/USE_WRITE.write_addr_inst/cmd_queue/inst/fifo_gen_inst/inst_fifo_gen/gconvfifo.rf/grf.rf/rstblk/ngwrdrst.grst.g7serrst.gnsckt_wrst.rst_wr_reg2_inst/arststages_ff_reg[0]/PRE
                            (removal check against rising-edge clock clk_pl_0  {rise@0.000ns fall@5.000ns period=10.000ns})
  Path Group:             (none)
  Path Type:              Removal (Min at Fast Process Corner)
  Data Path Delay:        0.830ns  (logic 0.082ns (9.885%)  route 0.748ns (90.115%))
  Logic Levels:           0  
  Clock Path Skew:        0.098ns (DCD - SCD - CPR)
    Destination Clock Delay (DCD):    1.421ns
    Source Clock Delay      (SCD):    1.323ns
    Clock Pessimism Removal (CPR):    -0.000ns
  Clock Uncertainty:      0.160ns  ((TSJ^2 + DJ^2)^1/2) / 2 + PE
    Total System Jitter     (TSJ):    0.071ns
    Discrete Jitter          (DJ):    0.312ns
    Phase Error              (PE):    0.000ns
  Clock Net Delay (Source):      1.172ns (routing 0.572ns, distribution 0.600ns)
  Clock Net Delay (Destination): 1.234ns (routing 0.623ns, distribution 0.611ns)
  Timing Exception:       False Path

    Location             Delay type                Incr(ns)  Path(ns)    Netlist Resource(s)
  -------------------------------------------------------------------    -------------------
                         (clock clk_pl_0 rise edge)
                                                      0.000     0.000 r  
    PS8_X0Y0             PS8                          0.000     0.000 r  radon_kria_acc_i/zynq_ultra_ps_e_0/inst/PS8_i/PLCLK[0]
                         net (fo=1, routed)           0.129     0.129    radon_kria_acc_i/zynq_ultra_ps_e_0/inst/pl_clk_unbuffered[0]
    BUFG_PS_X0Y80        BUFG_PS (Prop_BUFG_PS_I_O)
                                                      0.022     0.151 r  radon_kria_acc_i/zynq_ultra_ps_e_0/inst/buffer_pl_clk_0.PL_CLK_0_BUFG/O
    X0Y1 (CLOCK_ROOT)    net (fo=1897, routed)        1.172     1.323    radon_kria_acc_i/rst_ps8_0_99M/U0/slowest_sync_clk
    SLICE_X2Y140         FDRE                                         r  radon_kria_acc_i/rst_ps8_0_99M/U0/ACTIVE_LOW_PR_OUT_DFF[0].FDRE_PER_N/C
  -------------------------------------------------------------------    -------------------
    SLICE_X2Y140         FDRE (Prop_EFF_SLICEM_C_Q)
                                                      0.082     1.405 r  radon_kria_acc_i/rst_ps8_0_99M/U0/ACTIVE_LOW_PR_OUT_DFF[0].FDRE_PER_N/Q
                         net (fo=480, routed)         0.748     2.152    radon_kria_acc_i/axi_interconnect_0/s00_couplers/auto_ds/inst/gen_downsizer.gen_simple_downsizer.axi_downsizer_inst/USE_WRITE.write_addr_inst/cmd_queue/inst/fifo_gen_inst/inst_fifo_gen/gconvfifo.rf/grf.rf/rstblk/ngwrdrst.grst.g7serrst.gnsckt_wrst.rst_wr_reg2_inst/src_arst
    SLICE_X4Y90          FDPE                                         f  radon_kria_acc_i/axi_interconnect_0/s00_couplers/auto_ds/inst/gen_downsizer.gen_simple_downsizer.axi_downsizer_inst/USE_WRITE.write_addr_inst/cmd_queue/inst/fifo_gen_inst/inst_fifo_gen/gconvfifo.rf/grf.rf/rstblk/ngwrdrst.grst.g7serrst.gnsckt_wrst.rst_wr_reg2_inst/arststages_ff_reg[0]/PRE  (IS_INVERTED)
  -------------------------------------------------------------------    -------------------

                         (clock clk_pl_0 rise edge)
                                                      0.000     0.000 r  
    PS8_X0Y0             PS8                          0.000     0.000 r  radon_kria_acc_i/zynq_ultra_ps_e_0/inst/PS8_i/PLCLK[0]
                         net (fo=1, routed)           0.164     0.164    radon_kria_acc_i/zynq_ultra_ps_e_0/inst/pl_clk_unbuffered[0]
    BUFG_PS_X0Y80        BUFG_PS (Prop_BUFG_PS_I_O)
                                                      0.023     0.187 r  radon_kria_acc_i/zynq_ultra_ps_e_0/inst/buffer_pl_clk_0.PL_CLK_0_BUFG/O
    X0Y1 (CLOCK_ROOT)    net (fo=1897, routed)        1.234     1.421    radon_kria_acc_i/axi_interconnect_0/s00_couplers/auto_ds/inst/gen_downsizer.gen_simple_downsizer.axi_downsizer_inst/USE_WRITE.write_addr_inst/cmd_queue/inst/fifo_gen_inst/inst_fifo_gen/gconvfifo.rf/grf.rf/rstblk/ngwrdrst.grst.g7serrst.gnsckt_wrst.rst_wr_reg2_inst/dest_clk
    SLICE_X4Y90          FDPE                                         r  radon_kria_acc_i/axi_interconnect_0/s00_couplers/auto_ds/inst/gen_downsizer.gen_simple_downsizer.axi_downsizer_inst/USE_WRITE.write_addr_inst/cmd_queue/inst/fifo_gen_inst/inst_fifo_gen/gconvfifo.rf/grf.rf/rstblk/ngwrdrst.grst.g7serrst.gnsckt_wrst.rst_wr_reg2_inst/arststages_ff_reg[0]/C

Slack:                    inf
  Source:                 radon_kria_acc_i/rst_ps8_0_99M/U0/ACTIVE_LOW_PR_OUT_DFF[0].FDRE_PER_N/C
                            (rising edge-triggered cell FDRE clocked by clk_pl_0  {rise@0.000ns fall@5.000ns period=10.000ns})
  Destination:            radon_kria_acc_i/axi_interconnect_0/s00_couplers/auto_ds/inst/gen_downsizer.gen_simple_downsizer.axi_downsizer_inst/USE_WRITE.write_addr_inst/cmd_queue/inst/fifo_gen_inst/inst_fifo_gen/gconvfifo.rf/grf.rf/rstblk/ngwrdrst.grst.g7serrst.gnsckt_wrst.rst_wr_reg2_inst/arststages_ff_reg[1]/PRE
                            (removal check against rising-edge clock clk_pl_0  {rise@0.000ns fall@5.000ns period=10.000ns})
  Path Group:             (none)
  Path Type:              Removal (Min at Fast Process Corner)
  Data Path Delay:        0.830ns  (logic 0.082ns (9.885%)  route 0.748ns (90.115%))
  Logic Levels:           0  
  Clock Path Skew:        0.098ns (DCD - SCD - CPR)
    Destination Clock Delay (DCD):    1.421ns
    Source Clock Delay      (SCD):    1.323ns
    Clock Pessimism Removal (CPR):    -0.000ns
  Clock Uncertainty:      0.160ns  ((TSJ^2 + DJ^2)^1/2) / 2 + PE
    Total System Jitter     (TSJ):    0.071ns
    Discrete Jitter          (DJ):    0.312ns
    Phase Error              (PE):    0.000ns
  Clock Net Delay (Source):      1.172ns (routing 0.572ns, distribution 0.600ns)
  Clock Net Delay (Destination): 1.234ns (routing 0.623ns, distribution 0.611ns)
  Timing Exception:       False Path

    Location             Delay type                Incr(ns)  Path(ns)    Netlist Resource(s)
  -------------------------------------------------------------------    -------------------
                         (clock clk_pl_0 rise edge)
                                                      0.000     0.000 r  
    PS8_X0Y0             PS8                          0.000     0.000 r  radon_kria_acc_i/zynq_ultra_ps_e_0/inst/PS8_i/PLCLK[0]
                         net (fo=1, routed)           0.129     0.129    radon_kria_acc_i/zynq_ultra_ps_e_0/inst/pl_clk_unbuffered[0]
    BUFG_PS_X0Y80        BUFG_PS (Prop_BUFG_PS_I_O)
                                                      0.022     0.151 r  radon_kria_acc_i/zynq_ultra_ps_e_0/inst/buffer_pl_clk_0.PL_CLK_0_BUFG/O
    X0Y1 (CLOCK_ROOT)    net (fo=1897, routed)        1.172     1.323    radon_kria_acc_i/rst_ps8_0_99M/U0/slowest_sync_clk
    SLICE_X2Y140         FDRE                                         r  radon_kria_acc_i/rst_ps8_0_99M/U0/ACTIVE_LOW_PR_OUT_DFF[0].FDRE_PER_N/C
  -------------------------------------------------------------------    -------------------
    SLICE_X2Y140         FDRE (Prop_EFF_SLICEM_C_Q)
                                                      0.082     1.405 r  radon_kria_acc_i/rst_ps8_0_99M/U0/ACTIVE_LOW_PR_OUT_DFF[0].FDRE_PER_N/Q
                         net (fo=480, routed)         0.748     2.152    radon_kria_acc_i/axi_interconnect_0/s00_couplers/auto_ds/inst/gen_downsizer.gen_simple_downsizer.axi_downsizer_inst/USE_WRITE.write_addr_inst/cmd_queue/inst/fifo_gen_inst/inst_fifo_gen/gconvfifo.rf/grf.rf/rstblk/ngwrdrst.grst.g7serrst.gnsckt_wrst.rst_wr_reg2_inst/src_arst
    SLICE_X4Y90          FDPE                                         f  radon_kria_acc_i/axi_interconnect_0/s00_couplers/auto_ds/inst/gen_downsizer.gen_simple_downsizer.axi_downsizer_inst/USE_WRITE.write_addr_inst/cmd_queue/inst/fifo_gen_inst/inst_fifo_gen/gconvfifo.rf/grf.rf/rstblk/ngwrdrst.grst.g7serrst.gnsckt_wrst.rst_wr_reg2_inst/arststages_ff_reg[1]/PRE  (IS_INVERTED)
  -------------------------------------------------------------------    -------------------

                         (clock clk_pl_0 rise edge)
                                                      0.000     0.000 r  
    PS8_X0Y0             PS8                          0.000     0.000 r  radon_kria_acc_i/zynq_ultra_ps_e_0/inst/PS8_i/PLCLK[0]
                         net (fo=1, routed)           0.164     0.164    radon_kria_acc_i/zynq_ultra_ps_e_0/inst/pl_clk_unbuffered[0]
    BUFG_PS_X0Y80        BUFG_PS (Prop_BUFG_PS_I_O)
                                                      0.023     0.187 r  radon_kria_acc_i/zynq_ultra_ps_e_0/inst/buffer_pl_clk_0.PL_CLK_0_BUFG/O
    X0Y1 (CLOCK_ROOT)    net (fo=1897, routed)        1.234     1.421    radon_kria_acc_i/axi_interconnect_0/s00_couplers/auto_ds/inst/gen_downsizer.gen_simple_downsizer.axi_downsizer_inst/USE_WRITE.write_addr_inst/cmd_queue/inst/fifo_gen_inst/inst_fifo_gen/gconvfifo.rf/grf.rf/rstblk/ngwrdrst.grst.g7serrst.gnsckt_wrst.rst_wr_reg2_inst/dest_clk
    SLICE_X4Y90          FDPE                                         r  radon_kria_acc_i/axi_interconnect_0/s00_couplers/auto_ds/inst/gen_downsizer.gen_simple_downsizer.axi_downsizer_inst/USE_WRITE.write_addr_inst/cmd_queue/inst/fifo_gen_inst/inst_fifo_gen/gconvfifo.rf/grf.rf/rstblk/ngwrdrst.grst.g7serrst.gnsckt_wrst.rst_wr_reg2_inst/arststages_ff_reg[1]/C

Slack:                    inf
  Source:                 radon_kria_acc_i/rst_ps8_0_99M/U0/ACTIVE_LOW_PR_OUT_DFF[0].FDRE_PER_N/C
                            (rising edge-triggered cell FDRE clocked by clk_pl_0  {rise@0.000ns fall@5.000ns period=10.000ns})
  Destination:            radon_kria_acc_i/axi_interconnect_0/s00_couplers/auto_ds/inst/gen_downsizer.gen_simple_downsizer.axi_downsizer_inst/USE_READ.read_addr_inst/cmd_queue/inst/fifo_gen_inst/inst_fifo_gen/gconvfifo.rf/grf.rf/rstblk/ngwrdrst.grst.g7serrst.gnsckt_wrst.rst_wr_reg2_inst/arststages_ff_reg[0]/PRE
                            (removal check against rising-edge clock clk_pl_0  {rise@0.000ns fall@5.000ns period=10.000ns})
  Path Group:             (none)
  Path Type:              Removal (Min at Fast Process Corner)
  Data Path Delay:        0.844ns  (logic 0.082ns (9.721%)  route 0.762ns (90.279%))
  Logic Levels:           0  
  Clock Path Skew:        0.117ns (DCD - SCD - CPR)
    Destination Clock Delay (DCD):    1.439ns
    Source Clock Delay      (SCD):    1.323ns
    Clock Pessimism Removal (CPR):    -0.000ns
  Clock Uncertainty:      0.160ns  ((TSJ^2 + DJ^2)^1/2) / 2 + PE
    Total System Jitter     (TSJ):    0.071ns
    Discrete Jitter          (DJ):    0.312ns
    Phase Error              (PE):    0.000ns
  Clock Net Delay (Source):      1.172ns (routing 0.572ns, distribution 0.600ns)
  Clock Net Delay (Destination): 1.252ns (routing 0.623ns, distribution 0.629ns)
  Timing Exception:       False Path

    Location             Delay type                Incr(ns)  Path(ns)    Netlist Resource(s)
  -------------------------------------------------------------------    -------------------
                         (clock clk_pl_0 rise edge)
                                                      0.000     0.000 r  
    PS8_X0Y0             PS8                          0.000     0.000 r  radon_kria_acc_i/zynq_ultra_ps_e_0/inst/PS8_i/PLCLK[0]
                         net (fo=1, routed)           0.129     0.129    radon_kria_acc_i/zynq_ultra_ps_e_0/inst/pl_clk_unbuffered[0]
    BUFG_PS_X0Y80        BUFG_PS (Prop_BUFG_PS_I_O)
                                                      0.022     0.151 r  radon_kria_acc_i/zynq_ultra_ps_e_0/inst/buffer_pl_clk_0.PL_CLK_0_BUFG/O
    X0Y1 (CLOCK_ROOT)    net (fo=1897, routed)        1.172     1.323    radon_kria_acc_i/rst_ps8_0_99M/U0/slowest_sync_clk
    SLICE_X2Y140         FDRE                                         r  radon_kria_acc_i/rst_ps8_0_99M/U0/ACTIVE_LOW_PR_OUT_DFF[0].FDRE_PER_N/C
  -------------------------------------------------------------------    -------------------
    SLICE_X2Y140         FDRE (Prop_EFF_SLICEM_C_Q)
                                                      0.082     1.405 r  radon_kria_acc_i/rst_ps8_0_99M/U0/ACTIVE_LOW_PR_OUT_DFF[0].FDRE_PER_N/Q
                         net (fo=480, routed)         0.762     2.166    radon_kria_acc_i/axi_interconnect_0/s00_couplers/auto_ds/inst/gen_downsizer.gen_simple_downsizer.axi_downsizer_inst/USE_READ.read_addr_inst/cmd_queue/inst/fifo_gen_inst/inst_fifo_gen/gconvfifo.rf/grf.rf/rstblk/ngwrdrst.grst.g7serrst.gnsckt_wrst.rst_wr_reg2_inst/src_arst
    SLICE_X5Y106         FDPE                                         f  radon_kria_acc_i/axi_interconnect_0/s00_couplers/auto_ds/inst/gen_downsizer.gen_simple_downsizer.axi_downsizer_inst/USE_READ.read_addr_inst/cmd_queue/inst/fifo_gen_inst/inst_fifo_gen/gconvfifo.rf/grf.rf/rstblk/ngwrdrst.grst.g7serrst.gnsckt_wrst.rst_wr_reg2_inst/arststages_ff_reg[0]/PRE  (IS_INVERTED)
  -------------------------------------------------------------------    -------------------

                         (clock clk_pl_0 rise edge)
                                                      0.000     0.000 r  
    PS8_X0Y0             PS8                          0.000     0.000 r  radon_kria_acc_i/zynq_ultra_ps_e_0/inst/PS8_i/PLCLK[0]
                         net (fo=1, routed)           0.164     0.164    radon_kria_acc_i/zynq_ultra_ps_e_0/inst/pl_clk_unbuffered[0]
    BUFG_PS_X0Y80        BUFG_PS (Prop_BUFG_PS_I_O)
                                                      0.023     0.187 r  radon_kria_acc_i/zynq_ultra_ps_e_0/inst/buffer_pl_clk_0.PL_CLK_0_BUFG/O
    X0Y1 (CLOCK_ROOT)    net (fo=1897, routed)        1.252     1.439    radon_kria_acc_i/axi_interconnect_0/s00_couplers/auto_ds/inst/gen_downsizer.gen_simple_downsizer.axi_downsizer_inst/USE_READ.read_addr_inst/cmd_queue/inst/fifo_gen_inst/inst_fifo_gen/gconvfifo.rf/grf.rf/rstblk/ngwrdrst.grst.g7serrst.gnsckt_wrst.rst_wr_reg2_inst/dest_clk
    SLICE_X5Y106         FDPE                                         r  radon_kria_acc_i/axi_interconnect_0/s00_couplers/auto_ds/inst/gen_downsizer.gen_simple_downsizer.axi_downsizer_inst/USE_READ.read_addr_inst/cmd_queue/inst/fifo_gen_inst/inst_fifo_gen/gconvfifo.rf/grf.rf/rstblk/ngwrdrst.grst.g7serrst.gnsckt_wrst.rst_wr_reg2_inst/arststages_ff_reg[0]/C

Slack:                    inf
  Source:                 radon_kria_acc_i/rst_ps8_0_99M/U0/ACTIVE_LOW_PR_OUT_DFF[0].FDRE_PER_N/C
                            (rising edge-triggered cell FDRE clocked by clk_pl_0  {rise@0.000ns fall@5.000ns period=10.000ns})
  Destination:            radon_kria_acc_i/axi_interconnect_0/s00_couplers/auto_ds/inst/gen_downsizer.gen_simple_downsizer.axi_downsizer_inst/USE_READ.read_addr_inst/cmd_queue/inst/fifo_gen_inst/inst_fifo_gen/gconvfifo.rf/grf.rf/rstblk/ngwrdrst.grst.g7serrst.gnsckt_wrst.rst_wr_reg2_inst/arststages_ff_reg[1]/PRE
                            (removal check against rising-edge clock clk_pl_0  {rise@0.000ns fall@5.000ns period=10.000ns})
  Path Group:             (none)
  Path Type:              Removal (Min at Fast Process Corner)
  Data Path Delay:        0.844ns  (logic 0.082ns (9.721%)  route 0.762ns (90.279%))
  Logic Levels:           0  
  Clock Path Skew:        0.117ns (DCD - SCD - CPR)
    Destination Clock Delay (DCD):    1.439ns
    Source Clock Delay      (SCD):    1.323ns
    Clock Pessimism Removal (CPR):    -0.000ns
  Clock Uncertainty:      0.160ns  ((TSJ^2 + DJ^2)^1/2) / 2 + PE
    Total System Jitter     (TSJ):    0.071ns
    Discrete Jitter          (DJ):    0.312ns
    Phase Error              (PE):    0.000ns
  Clock Net Delay (Source):      1.172ns (routing 0.572ns, distribution 0.600ns)
  Clock Net Delay (Destination): 1.252ns (routing 0.623ns, distribution 0.629ns)
  Timing Exception:       False Path

    Location             Delay type                Incr(ns)  Path(ns)    Netlist Resource(s)
  -------------------------------------------------------------------    -------------------
                         (clock clk_pl_0 rise edge)
                                                      0.000     0.000 r  
    PS8_X0Y0             PS8                          0.000     0.000 r  radon_kria_acc_i/zynq_ultra_ps_e_0/inst/PS8_i/PLCLK[0]
                         net (fo=1, routed)           0.129     0.129    radon_kria_acc_i/zynq_ultra_ps_e_0/inst/pl_clk_unbuffered[0]
    BUFG_PS_X0Y80        BUFG_PS (Prop_BUFG_PS_I_O)
                                                      0.022     0.151 r  radon_kria_acc_i/zynq_ultra_ps_e_0/inst/buffer_pl_clk_0.PL_CLK_0_BUFG/O
    X0Y1 (CLOCK_ROOT)    net (fo=1897, routed)        1.172     1.323    radon_kria_acc_i/rst_ps8_0_99M/U0/slowest_sync_clk
    SLICE_X2Y140         FDRE                                         r  radon_kria_acc_i/rst_ps8_0_99M/U0/ACTIVE_LOW_PR_OUT_DFF[0].FDRE_PER_N/C
  -------------------------------------------------------------------    -------------------
    SLICE_X2Y140         FDRE (Prop_EFF_SLICEM_C_Q)
                                                      0.082     1.405 r  radon_kria_acc_i/rst_ps8_0_99M/U0/ACTIVE_LOW_PR_OUT_DFF[0].FDRE_PER_N/Q
                         net (fo=480, routed)         0.762     2.166    radon_kria_acc_i/axi_interconnect_0/s00_couplers/auto_ds/inst/gen_downsizer.gen_simple_downsizer.axi_downsizer_inst/USE_READ.read_addr_inst/cmd_queue/inst/fifo_gen_inst/inst_fifo_gen/gconvfifo.rf/grf.rf/rstblk/ngwrdrst.grst.g7serrst.gnsckt_wrst.rst_wr_reg2_inst/src_arst
    SLICE_X5Y106         FDPE                                         f  radon_kria_acc_i/axi_interconnect_0/s00_couplers/auto_ds/inst/gen_downsizer.gen_simple_downsizer.axi_downsizer_inst/USE_READ.read_addr_inst/cmd_queue/inst/fifo_gen_inst/inst_fifo_gen/gconvfifo.rf/grf.rf/rstblk/ngwrdrst.grst.g7serrst.gnsckt_wrst.rst_wr_reg2_inst/arststages_ff_reg[1]/PRE  (IS_INVERTED)
  -------------------------------------------------------------------    -------------------

                         (clock clk_pl_0 rise edge)
                                                      0.000     0.000 r  
    PS8_X0Y0             PS8                          0.000     0.000 r  radon_kria_acc_i/zynq_ultra_ps_e_0/inst/PS8_i/PLCLK[0]
                         net (fo=1, routed)           0.164     0.164    radon_kria_acc_i/zynq_ultra_ps_e_0/inst/pl_clk_unbuffered[0]
    BUFG_PS_X0Y80        BUFG_PS (Prop_BUFG_PS_I_O)
                                                      0.023     0.187 r  radon_kria_acc_i/zynq_ultra_ps_e_0/inst/buffer_pl_clk_0.PL_CLK_0_BUFG/O
    X0Y1 (CLOCK_ROOT)    net (fo=1897, routed)        1.252     1.439    radon_kria_acc_i/axi_interconnect_0/s00_couplers/auto_ds/inst/gen_downsizer.gen_simple_downsizer.axi_downsizer_inst/USE_READ.read_addr_inst/cmd_queue/inst/fifo_gen_inst/inst_fifo_gen/gconvfifo.rf/grf.rf/rstblk/ngwrdrst.grst.g7serrst.gnsckt_wrst.rst_wr_reg2_inst/dest_clk
    SLICE_X5Y106         FDPE                                         r  radon_kria_acc_i/axi_interconnect_0/s00_couplers/auto_ds/inst/gen_downsizer.gen_simple_downsizer.axi_downsizer_inst/USE_READ.read_addr_inst/cmd_queue/inst/fifo_gen_inst/inst_fifo_gen/gconvfifo.rf/grf.rf/rstblk/ngwrdrst.grst.g7serrst.gnsckt_wrst.rst_wr_reg2_inst/arststages_ff_reg[1]/C





